ticker,type,date,price,lastUpdated
XEON.DE,CURRENT,,148.115,2026-01-08T14:23:15.212907225
XEON.DE,HISTORICAL,2025-01-01,144.83799743652344,2026-01-08T14:23:15.288443657
XEON.DE,HISTORICAL,2025-01-08,144.95199584960938,2026-01-08T14:23:15.358916716
XEON.DE,HISTORICAL,2025-01-15,145.02099609375,2026-01-08T14:23:15.424112416
XEON.DE,HISTORICAL,2025-01-22,145.0659942626953,2026-01-08T14:23:15.488631073
XEON.DE,HISTORICAL,2025-01-29,145.1820068359375,2026-01-08T14:23:15.717355490
XEON.DE,HISTORICAL,2025-02-05,145.25,2026-01-08T14:23:15.802501507
XEON.DE,HISTORICAL,2025-02-12,145.3249969482422,2026-01-08T14:23:15.869484608
XEON.DE,HISTORICAL,2025-02-19,145.39999389648438,2026-01-08T14:23:15.931599697
XEON.DE,HISTORICAL,2025-02-26,145.47300720214844,2026-01-08T14:23:15.997942543
XEON.DE,HISTORICAL,2025-03-05,145.56199645996094,2026-01-08T14:23:16.065576206
XEON.DE,HISTORICAL,2025-03-12,145.60800170898438,2026-01-08T14:23:16.129325379
XEON.DE,HISTORICAL,2025-03-19,145.6999969482422,2026-01-08T14:23:16.191215727
XEON.DE,HISTORICAL,2025-03-26,145.78599548339844,2026-01-08T14:23:16.257250243
XEON.DE,HISTORICAL,2025-04-02,145.85000610351562,2026-01-08T14:23:16.433975828
XEON.DE,HISTORICAL,2025-04-09,145.9219970703125,2026-01-08T14:23:16.499436604
XEON.DE,HISTORICAL,2025-04-16,145.9980010986328,2026-01-08T14:23:16.562050921
XEON.DE,HISTORICAL,2025-04-23,146.01199340820312,2026-01-08T14:23:16.726015310
XEON.DE,HISTORICAL,2025-04-30,146.12399291992188,2026-01-08T14:23:16.786545813
XEON.DE,HISTORICAL,2025-05-07,146.13999938964844,2026-01-08T14:23:16.859110712
XEON.DE,HISTORICAL,2025-05-14,146.19500732421875,2026-01-08T14:23:17.052115280
XEON.DE,HISTORICAL,2025-05-21,146.31199645996094,2026-01-08T14:23:17.114580229
XEON.DE,HISTORICAL,2025-05-28,146.32000732421875,2026-01-08T14:23:17.183448240
XEON.DE,HISTORICAL,2025-06-04,146.38499450683594,2026-01-08T14:23:17.263566074
XEON.DE,HISTORICAL,2025-06-11,146.45899963378906,2026-01-08T14:23:17.341724710
XEON.DE,HISTORICAL,2025-06-18,146.53199768066406,2026-01-08T14:23:17.407173826
XEON.DE,HISTORICAL,2025-06-25,146.5570068359375,2026-01-08T14:23:17.469860491
XEON.DE,HISTORICAL,2025-07-02,146.6009979248047,2026-01-08T14:23:17.542416751
XEON.DE,HISTORICAL,2025-07-09,146.67999267578125,2026-01-08T14:23:17.647880692
XEON.DE,HISTORICAL,2025-07-16,146.75,2026-01-08T14:23:17.718438621
XEON.DE,HISTORICAL,2025-07-23,146.8090057373047,2026-01-08T14:23:17.788165937
XEON.DE,HISTORICAL,2025-07-30,146.80599975585938,2026-01-08T14:23:17.854051597
XEON.DE,HISTORICAL,2025-08-06,146.88600158691406,2026-01-08T14:23:17.920449917
XEON.DE,HISTORICAL,2025-08-13,146.91799926757812,2026-01-08T14:23:18.012738749
XEON.DE,HISTORICAL,2025-08-20,147.0,2026-01-08T14:23:18.100563413
XEON.DE,HISTORICAL,2025-08-27,147.08200073242188,2026-01-08T14:23:18.236512718
XEON.DE,HISTORICAL,2025-09-03,147.125,2026-01-08T14:23:18.300542418
XEON.DE,HISTORICAL,2025-09-10,147.1699981689453,2026-01-08T14:23:18.366858143
XEON.DE,HISTORICAL,2025-09-17,147.1999969482422,2026-01-08T14:23:18.429241682
XEON.DE,HISTORICAL,2025-09-24,147.23599243164062,2026-01-08T14:23:18.500646597
XEON.DE,HISTORICAL,2025-10-01,147.33799743652344,2026-01-08T14:23:18.565480711
XEON.DE,HISTORICAL,2025-10-08,147.41000366210938,2026-01-08T14:23:18.751558736
XEON.DE,HISTORICAL,2025-10-15,147.4290008544922,2026-01-08T14:23:18.821924388
XEON.DE,HISTORICAL,2025-10-22,147.51699829101562,2026-01-08T14:23:18.883513392
XEON.DE,HISTORICAL,2025-10-29,147.5500030517578,2026-01-08T14:23:18.950230503
XEON.DE,HISTORICAL,2025-11-05,147.61399841308594,2026-01-08T14:23:19.015060085
XEON.DE,HISTORICAL,2025-11-12,147.6699981689453,2026-01-08T14:23:19.079827170
XEON.DE,HISTORICAL,2025-11-19,147.72799682617188,2026-01-08T14:23:19.140319100
XEON.DE,HISTORICAL,2025-11-26,147.781005859375,2026-01-08T14:23:19.200351189
XEON.DE,HISTORICAL,2025-12-03,147.822998046875,2026-01-08T14:23:19.261019468
XEON.DE,HISTORICAL,2025-12-10,147.8820037841797,2026-01-08T14:23:19.335945630
XEON.DE,HISTORICAL,2025-12-17,147.9219970703125,2026-01-08T14:23:19.401921985
XEON.DE,HISTORICAL,2025-12-24,147.98500061035156,2026-01-08T14:23:19.473375855
XEON.DE,HISTORICAL,2025-12-31,148.09100341796875,2026-01-08T14:23:19.555556689
XEON.DE,HISTORICAL,2026-01-07,148.0850067138672,2026-01-08T14:23:19.629073472
XEON.DE,HISTORICAL,2026-01-08,148.1179962158203,2026-01-08T14:23:19.688398222
XEON.DE,HISTORICAL,2025-02-14,145.35699462890625,2026-01-08T21:51:10.381258154
XEON.DE,HISTORICAL,2025-03-16,145.66299438476562,2026-01-08T21:51:10.453078123
XEON.DE,HISTORICAL,2025-04-15,145.85000610351562,2026-01-08T21:51:10.527049602
XEON.DE,HISTORICAL,2025-05-15,146.25,2026-01-08T21:51:10.598946623
XEON.DE,HISTORICAL,2025-06-14,146.4510040283203,2026-01-08T21:51:10.675028972
XEON.DE,HISTORICAL,2025-07-14,146.7480010986328,2026-01-08T21:51:10.911268054
XEON.DE,HISTORICAL,2025-09-12,147.1999969482422,2026-01-08T21:51:10.986081820
XEON.DE,HISTORICAL,2025-10-12,147.41400146484375,2026-01-08T21:51:11.051764343
XEON.DE,HISTORICAL,2025-11-11,147.6580047607422,2026-01-08T21:51:11.121907772
XEON.DE,HISTORICAL,2025-12-11,147.9149932861328,2026-01-08T21:51:11.190278524
XEON.DE,HISTORICAL,2025-02-01,145.20199584960938,2026-01-08T21:51:11.265442554
XEON.DE,HISTORICAL,2025-03-01,145.50999450683594,2026-01-08T21:51:11.334342302
XEON.DE,HISTORICAL,2025-04-01,145.80499267578125,2026-01-08T21:51:11.404447450
XEON.DE,HISTORICAL,2025-05-01,146.12399291992188,2026-01-08T21:51:11.474714562
XEON.DE,HISTORICAL,2025-06-01,146.3780059814453,2026-01-08T21:51:11.542755597
XEON.DE,HISTORICAL,2025-07-01,146.60000610351562,2026-01-08T21:51:11.613777909
XEON.DE,HISTORICAL,2025-08-01,146.88600158691406,2026-01-08T21:51:11.680727086
XEON.DE,HISTORICAL,2025-09-01,147.11500549316406,2026-01-08T21:51:11.748717223
XEON.DE,HISTORICAL,2025-11-01,147.58900451660156,2026-01-08T21:51:11.936651650
XEON.DE,HISTORICAL,2025-12-01,147.80099487304688,2026-01-08T21:51:12.006071505
XEON.DE,HISTORICAL,2026-01-01,148.09100341796875,2026-01-08T21:51:12.085514099
VOO,CURRENT,,636.57,2026-01-16T21:50:36.901089624
ACWI,CURRENT,,145.025,2026-01-16T21:50:37.018821908
VEA,CURRENT,,65.125,2026-01-16T21:50:37.123383690
VOO,HISTORICAL,2024-01-15,437.989990234375,2026-01-09T12:34:13.200979992
VOO,HISTORICAL,2024-01-22,444.29998779296875,2026-01-09T12:34:13.287138160
VOO,HISTORICAL,2024-01-29,451.489990234375,2026-01-09T12:34:13.480169534
VOO,HISTORICAL,2024-02-05,452.6199951171875,2026-01-09T12:34:13.587834077
VOO,HISTORICAL,2024-02-12,460.4599914550781,2026-01-09T12:34:13.679249832
VOO,HISTORICAL,2024-02-19,459.0299987792969,2026-01-09T12:34:13.770084458
VOO,HISTORICAL,2024-02-26,465.07000732421875,2026-01-09T12:34:13.858706350
ACWI,HISTORICAL,2024-02-26,106.4800033569336,2026-01-09T12:34:13.962205824
VOO,HISTORICAL,2024-03-04,470.8699951171875,2026-01-09T12:34:14.059749895
ACWI,HISTORICAL,2024-03-04,107.5199966430664,2026-01-09T12:34:14.154704469
VOO,HISTORICAL,2024-03-11,470.0,2026-01-09T12:34:14.239681094
ACWI,HISTORICAL,2024-03-11,107.8499984741211,2026-01-09T12:34:14.337750273
VOO,HISTORICAL,2024-03-18,472.95001220703125,2026-01-09T12:34:14.425533267
ACWI,HISTORICAL,2024-03-18,108.26000213623047,2026-01-09T12:34:14.525430537
VOO,HISTORICAL,2024-03-25,477.94000244140625,2026-01-09T12:34:14.623707513
ACWI,HISTORICAL,2024-03-25,109.5,2026-01-09T12:34:14.722313772
VEA,HISTORICAL,2024-03-25,49.869998931884766,2026-01-09T12:34:14.810933088
VOO,HISTORICAL,2024-04-01,480.07000732421875,2026-01-09T12:34:14.896093313
ACWI,HISTORICAL,2024-04-01,109.87000274658203,2026-01-09T12:34:14.983604791
VEA,HISTORICAL,2024-04-01,49.970001220703125,2026-01-09T12:34:15.204477862
VOO,HISTORICAL,2024-04-08,476.67999267578125,2026-01-09T12:34:15.288973463
ACWI,HISTORICAL,2024-04-08,109.45999908447266,2026-01-09T12:34:15.382818217
VEA,HISTORICAL,2024-04-08,49.95000076293945,2026-01-09T12:34:15.472289351
VOO,HISTORICAL,2024-04-15,463.6099853515625,2026-01-09T12:34:15.555325702
ACWI,HISTORICAL,2024-04-15,106.29000091552734,2026-01-09T12:34:15.649960281
VEA,HISTORICAL,2024-04-15,48.36000061035156,2026-01-09T12:34:15.737431532
VOO,HISTORICAL,2024-04-22,459.04998779296875,2026-01-09T12:34:15.823332297
ACWI,HISTORICAL,2024-04-22,105.5999984741211,2026-01-09T12:34:15.933145359
VEA,HISTORICAL,2024-04-22,48.380001068115234,2026-01-09T12:34:16.142008795
VOO,HISTORICAL,2024-04-29,468.8399963378906,2026-01-09T12:34:16.227253218
ACWI,HISTORICAL,2024-04-29,107.8499984741211,2026-01-09T12:34:16.335603619
VEA,HISTORICAL,2024-04-29,49.150001525878906,2026-01-09T12:34:16.417141911
VOO,HISTORICAL,2024-05-06,474.7200012207031,2026-01-09T12:34:16.502829558
ACWI,HISTORICAL,2024-05-06,109.41000366210938,2026-01-09T12:34:16.602728097
VEA,HISTORICAL,2024-05-06,49.95000076293945,2026-01-09T12:34:16.715769012
VOO,HISTORICAL,2024-05-13,478.7699890136719,2026-01-09T12:34:16.808625369
ACWI,HISTORICAL,2024-05-13,110.25,2026-01-09T12:34:16.906507609
VEA,HISTORICAL,2024-05-13,50.349998474121094,2026-01-09T12:34:16.997386636
VOO,HISTORICAL,2024-05-20,487.1700134277344,2026-01-09T12:34:17.092003429
ACWI,HISTORICAL,2024-05-20,112.2300033569336,2026-01-09T12:34:17.189192449
VEA,HISTORICAL,2024-05-20,51.119998931884766,2026-01-09T12:34:17.283869946
VOO,HISTORICAL,2024-05-27,486.7300109863281,2026-01-09T12:34:17.369882897
ACWI,HISTORICAL,2024-05-27,111.69999694824219,2026-01-09T12:34:17.467374345
VEA,HISTORICAL,2024-05-27,50.689998626708984,2026-01-09T12:34:17.678045287
VOO,HISTORICAL,2024-06-03,485.1499938964844,2026-01-09T12:34:17.883828311
ACWI,HISTORICAL,2024-06-03,111.30000305175781,2026-01-09T12:34:17.983509146
VEA,HISTORICAL,2024-06-03,50.849998474121094,2026-01-09T12:34:18.191630201
VOO,HISTORICAL,2024-06-10,492.4100036621094,2026-01-09T12:34:18.394781257
ACWI,HISTORICAL,2024-06-10,112.30999755859375,2026-01-09T12:34:18.487594775
VEA,HISTORICAL,2024-06-10,50.619998931884766,2026-01-09T12:34:18.589854367
VOO,HISTORICAL,2024-06-17,502.94000244140625,2026-01-09T12:34:18.681625340
ACWI,HISTORICAL,2024-06-17,112.37000274658203,2026-01-09T12:34:18.775103026
VEA,HISTORICAL,2024-06-17,49.68000030517578,2026-01-09T12:34:18.875710748
VOO,HISTORICAL,2024-06-24,500.42999267578125,2026-01-09T12:34:18.977773639
ACWI,HISTORICAL,2024-06-24,112.25,2026-01-09T12:34:19.068113648
VEA,HISTORICAL,2024-06-24,49.52000045776367,2026-01-09T12:34:19.160721676
VOO,HISTORICAL,2024-07-01,501.2799987792969,2026-01-09T12:34:19.420144604
ACWI,HISTORICAL,2024-07-01,112.58999633789062,2026-01-09T12:34:19.511239351
VEA,HISTORICAL,2024-07-01,49.459999084472656,2026-01-09T12:34:19.622327566
VOO,HISTORICAL,2024-07-08,510.3299865722656,2026-01-09T12:34:19.715269953
ACWI,HISTORICAL,2024-07-08,114.66000366210938,2026-01-09T12:34:19.812948930
VEA,HISTORICAL,2024-07-08,50.2599983215332,2026-01-09T12:34:19.923709885
VOO,HISTORICAL,2024-07-15,516.1099853515625,2026-01-09T12:34:20.137427229
ACWI,HISTORICAL,2024-07-15,116.06999969482422,2026-01-09T12:34:20.251795188
VEA,HISTORICAL,2024-07-15,51.11000061035156,2026-01-09T12:34:20.350816546
VOO,HISTORICAL,2024-07-22,509.7900085449219,2026-01-09T12:34:20.446404659
ACWI,HISTORICAL,2024-07-22,114.66000366210938,2026-01-09T12:34:20.533820257
VEA,HISTORICAL,2024-07-22,50.810001373291016,2026-01-09T12:34:20.622617061
VOO,HISTORICAL,2024-07-29,500.70001220703125,2026-01-09T12:34:20.715600596
ACWI,HISTORICAL,2024-07-29,112.66999816894531,2026-01-09T12:34:20.824530633
VEA,HISTORICAL,2024-07-29,50.060001373291016,2026-01-09T12:34:20.931429278
VOO,HISTORICAL,2024-08-05,475.20001220703125,2026-01-09T12:34:21.021625146
ACWI,HISTORICAL,2024-08-05,107.23999786376953,2026-01-09T12:34:21.263671087
VEA,HISTORICAL,2024-08-05,47.599998474121094,2026-01-09T12:34:21.370911422
VOO,HISTORICAL,2024-08-12,490.07000732421875,2026-01-09T12:34:21.569158874
ACWI,HISTORICAL,2024-08-12,110.61000061035156,2026-01-09T12:34:21.680379530
VEA,HISTORICAL,2024-08-12,48.91999816894531,2026-01-09T12:34:21.784569326
VOO,HISTORICAL,2024-08-19,514.3499755859375,2026-01-09T12:34:21.875142858
ACWI,HISTORICAL,2024-08-19,115.94999694824219,2026-01-09T12:34:21.986213865
VEA,HISTORICAL,2024-08-19,51.40999984741211,2026-01-09T12:34:22.086219915
VOO,HISTORICAL,2024-08-26,515.3900146484375,2026-01-09T12:34:22.285520145
ACWI,HISTORICAL,2024-08-26,116.47000122070312,2026-01-09T12:34:22.400506790
VEA,HISTORICAL,2024-08-26,52.13999938964844,2026-01-09T12:34:22.482070928
VOO,HISTORICAL,2024-09-02,518.0399780273438,2026-01-09T12:34:22.581354112
ACWI,HISTORICAL,2024-09-02,116.9800033569336,2026-01-09T12:34:22.670591971
VEA,HISTORICAL,2024-09-02,52.38999938964844,2026-01-09T12:34:22.780905118
VOO,HISTORICAL,2024-09-09,502.2300109863281,2026-01-09T12:34:22.865144834
ACWI,HISTORICAL,2024-09-09,113.47000122070312,2026-01-09T12:34:22.956562739
VEA,HISTORICAL,2024-09-09,50.90999984741211,2026-01-09T12:34:23.049233498
VOO,HISTORICAL,2024-09-16,517.3499755859375,2026-01-09T12:34:23.313710131
ACWI,HISTORICAL,2024-09-16,116.61000061035156,2026-01-09T12:34:23.395306993
VEA,HISTORICAL,2024-09-16,52.0099983215332,2026-01-09T12:34:23.500376752
VOO,HISTORICAL,2024-09-23,525.1699829101562,2026-01-09T12:34:23.719656422
ACWI,HISTORICAL,2024-09-23,118.20999908447266,2026-01-09T12:34:23.820903159
VEA,HISTORICAL,2024-09-23,52.15999984741211,2026-01-09T12:34:23.916874094
VOO,HISTORICAL,2024-09-30,527.6699829101562,2026-01-09T12:34:23.997800139
ACWI,HISTORICAL,2024-09-30,119.55000305175781,2026-01-09T12:34:24.082215984
VEA,HISTORICAL,2024-09-30,52.810001373291016,2026-01-09T12:34:24.173872832
VOO,HISTORICAL,2024-10-07,521.9099731445312,2026-01-09T12:34:24.259492449
ACWI,HISTORICAL,2024-10-07,118.7300033569336,2026-01-09T12:34:24.349331497
VEA,HISTORICAL,2024-10-07,51.880001068115234,2026-01-09T12:34:24.538710878
VOO,HISTORICAL,2024-10-14,537.0700073242188,2026-01-09T12:34:24.640886697
ACWI,HISTORICAL,2024-10-14,120.77999877929688,2026-01-09T12:34:24.735481903
VEA,HISTORICAL,2024-10-14,52.099998474121094,2026-01-09T12:34:24.893375190
VOO,HISTORICAL,2024-10-21,536.530029296875,2026-01-09T12:34:25.000536720
ACWI,HISTORICAL,2024-10-21,120.06999969482422,2026-01-09T12:34:25.085183312
VEA,HISTORICAL,2024-10-21,51.2400016784668,2026-01-09T12:34:25.178936040
VOO,HISTORICAL,2024-10-28,533.9199829101562,2026-01-09T12:34:25.298656582
ACWI,HISTORICAL,2024-10-28,119.44000244140625,2026-01-09T12:34:25.444506311
VEA,HISTORICAL,2024-10-28,50.880001068115234,2026-01-09T12:34:25.537814728
VOO,HISTORICAL,2024-11-04,523.7999877929688,2026-01-09T12:34:25.768474800
ACWI,HISTORICAL,2024-11-04,117.4800033569336,2026-01-09T12:34:25.869614229
VEA,HISTORICAL,2024-11-04,50.279998779296875,2026-01-09T12:34:25.964127041
VOO,HISTORICAL,2024-11-11,550.4000244140625,2026-01-09T12:34:26.065091148
ACWI,HISTORICAL,2024-11-11,121.44999694824219,2026-01-09T12:34:26.162921828
VEA,HISTORICAL,2024-11-11,50.22999954223633,2026-01-09T12:34:26.259658951
VOO,HISTORICAL,2024-11-18,540.72998046875,2026-01-09T12:34:26.353832812
ACWI,HISTORICAL,2024-11-18,119.2300033569336,2026-01-09T12:34:26.440349774
VEA,HISTORICAL,2024-11-18,49.36000061035156,2026-01-09T12:34:26.533503062
VOO,HISTORICAL,2024-11-25,549.22998046875,2026-01-09T12:34:26.792136059
ACWI,HISTORICAL,2024-11-25,120.86000061035156,2026-01-09T12:34:26.997677803
VEA,HISTORICAL,2024-11-25,49.7400016784668,2026-01-09T12:34:27.201768841
VOO,HISTORICAL,2024-12-02,555.010009765625,2026-01-09T12:34:27.295570261
ACWI,HISTORICAL,2024-12-02,122.02999877929688,2026-01-09T12:34:27.384556491
VEA,HISTORICAL,2024-12-02,50.349998474121094,2026-01-09T12:34:27.484814360
VOO,HISTORICAL,2024-12-09,555.9099731445312,2026-01-09T12:34:38.171287560
ACWI,HISTORICAL,2024-12-09,122.83000183105469,2026-01-09T12:34:38.263497724
VEA,HISTORICAL,2024-12-09,50.61000061035156,2026-01-09T12:34:38.351878834
VOO,HISTORICAL,2024-12-16,557.7899780273438,2026-01-09T12:34:38.441648230
ACWI,HISTORICAL,2024-12-16,122.30999755859375,2026-01-09T12:34:38.517094656
VEA,HISTORICAL,2024-12-16,49.77000045776367,2026-01-09T12:34:38.773533550
VOO,HISTORICAL,2024-12-23,547.1900024414062,2026-01-09T12:34:38.979457890
ACWI,HISTORICAL,2024-12-23,118.8499984741211,2026-01-09T12:34:39.057677578
VEA,HISTORICAL,2024-12-23,47.849998474121094,2026-01-09T12:34:39.285657206
VOO,HISTORICAL,2024-12-30,540.989990234375,2026-01-09T12:34:39.372672367
ACWI,HISTORICAL,2024-12-30,117.81999969482422,2026-01-09T12:34:39.593099811
VEA,HISTORICAL,2024-12-30,47.810001373291016,2026-01-09T12:34:39.694839035
VOO,HISTORICAL,2025-01-06,547.5700073242188,2026-01-09T12:34:39.783015198
ACWI,HISTORICAL,2025-01-06,119.30999755859375,2026-01-09T12:34:39.877572001
VEA,HISTORICAL,2025-01-06,48.470001220703125,2026-01-09T12:34:39.980940815
VOO,HISTORICAL,2025-01-13,534.5800170898438,2026-01-09T12:34:40.081574866
ACWI,HISTORICAL,2025-01-13,116.3499984741211,2026-01-09T12:34:40.174831561
VEA,HISTORICAL,2025-01-13,47.400001525878906,2026-01-09T12:34:40.267428571
VOO,HISTORICAL,2025-01-20,549.4600219726562,2026-01-09T12:34:40.346881338
ACWI,HISTORICAL,2025-01-20,119.5999984741211,2026-01-09T12:34:40.452470182
VEA,HISTORICAL,2025-01-20,48.56999969482422,2026-01-09T12:34:40.548144351
VOO,HISTORICAL,2025-01-27,551.22998046875,2026-01-09T12:34:40.638721723
ACWI,HISTORICAL,2025-01-27,120.5999984741211,2026-01-09T12:34:40.728771360
VEA,HISTORICAL,2025-01-27,49.93000030517578,2026-01-09T12:34:40.822555031
VOO,HISTORICAL,2025-02-03,549.7000122070312,2026-01-09T12:34:40.904942830
ACWI,HISTORICAL,2025-02-03,120.20999908447266,2026-01-09T12:34:40.992723318
VEA,HISTORICAL,2025-02-03,49.31999969482422,2026-01-09T12:34:41.100452565
VOO,HISTORICAL,2025-02-10,556.1500244140625,2026-01-09T12:34:41.211035671
ACWI,HISTORICAL,2025-02-10,122.30999755859375,2026-01-09T12:34:41.308624571
VEA,HISTORICAL,2025-02-10,50.529998779296875,2026-01-09T12:34:41.394050702
VOO,HISTORICAL,2025-02-17,560.6900024414062,2026-01-09T12:34:41.495619096
ACWI,HISTORICAL,2025-02-17,123.62000274658203,2026-01-09T12:34:41.577808698
VEA,HISTORICAL,2025-02-17,51.5099983215332,2026-01-09T12:34:41.664175526
VOO,HISTORICAL,2025-02-24,549.1400146484375,2026-01-09T12:34:41.760337119
ACWI,HISTORICAL,2025-02-24,121.4800033569336,2026-01-09T12:34:41.883025379
VEA,HISTORICAL,2025-02-24,51.189998626708984,2026-01-09T12:34:41.980639713
VOO,HISTORICAL,2025-03-03,536.9199829101562,2026-01-09T12:34:42.073383289
ACWI,HISTORICAL,2025-03-03,119.55000305175781,2026-01-09T12:34:42.175898334
VEA,HISTORICAL,2025-03-03,51.45000076293945,2026-01-09T12:34:42.272205131
VOO,HISTORICAL,2025-03-10,515.510009765625,2026-01-09T12:34:42.354646098
ACWI,HISTORICAL,2025-03-10,116.41000366210938,2026-01-09T12:34:42.444224402
VEA,HISTORICAL,2025-03-10,51.369998931884766,2026-01-09T12:34:42.537459396
VOO,HISTORICAL,2025-03-17,521.4099731445312,2026-01-09T12:34:42.617161042
ACWI,HISTORICAL,2025-03-17,118.62000274658203,2026-01-09T12:34:42.707911269
VEA,HISTORICAL,2025-03-17,52.81999969482422,2026-01-09T12:34:42.803933442
VOO,HISTORICAL,2025-03-24,529.3900146484375,2026-01-09T12:34:42.887821898
ACWI,HISTORICAL,2025-03-24,119.70999908447266,2026-01-09T12:34:42.970616641
VEA,HISTORICAL,2025-03-24,52.119998931884766,2026-01-09T12:34:43.175766561
VOO,HISTORICAL,2025-03-31,513.9099731445312,2026-01-09T12:34:43.254992635
ACWI,HISTORICAL,2025-03-31,116.38999938964844,2026-01-09T12:34:43.483940127
VEA,HISTORICAL,2025-03-31,50.83000183105469,2026-01-09T12:34:43.576637275
VOO,HISTORICAL,2025-04-07,463.55999755859375,2026-01-09T12:34:43.790574521
ACWI,HISTORICAL,2025-04-07,104.97000122070312,2026-01-09T12:34:43.995612914
VEA,HISTORICAL,2025-04-07,45.88999938964844,2026-01-09T12:34:44.079779259
VOO,HISTORICAL,2025-04-14,495.4800109863281,2026-01-09T12:34:44.160275306
ACWI,HISTORICAL,2025-04-14,112.6500015258789,2026-01-09T12:34:44.244672370
VEA,HISTORICAL,2025-04-14,49.97999954223633,2026-01-09T12:34:44.331695813
VOO,HISTORICAL,2025-04-21,472.3699951171875,2026-01-09T12:34:44.420165107
ACWI,HISTORICAL,2025-04-21,109.5999984741211,2026-01-09T12:34:44.493346233
VEA,HISTORICAL,2025-04-21,50.5099983215332,2026-01-09T12:34:44.571519577
VOO,HISTORICAL,2025-04-28,506.4200134277344,2026-01-09T12:34:44.658733424
ACWI,HISTORICAL,2025-04-28,116.4000015258789,2026-01-09T12:34:44.917182972
VEA,HISTORICAL,2025-04-28,52.790000915527344,2026-01-09T12:34:45.226130658
VOO,HISTORICAL,2025-05-05,517.989990234375,2026-01-09T12:34:45.383581741
ACWI,HISTORICAL,2025-05-05,119.16999816894531,2026-01-09T12:34:45.467007704
VEA,HISTORICAL,2025-05-05,53.709999084472656,2026-01-09T12:34:45.633441221
VOO,HISTORICAL,2025-05-12,535.9199829101562,2026-01-09T12:34:45.725368455
ACWI,HISTORICAL,2025-05-12,122.02999877929688,2026-01-09T12:34:45.940648859
VEA,HISTORICAL,2025-05-12,53.939998626708984,2026-01-09T12:34:46.038150214
VOO,HISTORICAL,2025-05-19,546.8200073242188,2026-01-09T12:34:46.124204260
ACWI,HISTORICAL,2025-05-19,124.43000030517578,2026-01-09T12:34:46.207993805
VEA,HISTORICAL,2025-05-19,54.939998626708984,2026-01-09T12:34:46.319147738
VOO,HISTORICAL,2025-05-26,532.4000244140625,2026-01-09T12:34:46.555678051
ACWI,HISTORICAL,2025-05-26,122.30000305175781,2026-01-09T12:34:46.653537105
VEA,HISTORICAL,2025-05-26,55.029998779296875,2026-01-09T12:34:46.746049980
VOO,HISTORICAL,2025-06-02,544.9099731445312,2026-01-09T12:34:46.835426537
ACWI,HISTORICAL,2025-06-02,124.56999969482422,2026-01-09T12:34:46.930879440
VEA,HISTORICAL,2025-06-02,56.220001220703125,2026-01-09T12:34:47.019845954
VOO,HISTORICAL,2025-06-09,551.25,2026-01-09T12:34:47.101377125
ACWI,HISTORICAL,2025-06-09,125.91999816894531,2026-01-09T12:34:47.185342603
VEA,HISTORICAL,2025-06-09,56.29999923706055,2026-01-09T12:34:47.271984916
VOO,HISTORICAL,2025-06-16,554.0700073242188,2026-01-09T12:34:47.370374391
ACWI,HISTORICAL,2025-06-16,125.5199966430664,2026-01-09T12:34:47.465155252
VEA,HISTORICAL,2025-06-16,56.45000076293945,2026-01-09T12:34:47.559478834
VOO,HISTORICAL,2025-06-23,553.3599853515625,2026-01-09T12:34:47.647724480
ACWI,HISTORICAL,2025-06-23,124.8499984741211,2026-01-09T12:34:47.887163671
VEA,HISTORICAL,2025-06-23,55.41999816894531,2026-01-09T12:34:47.971774110
VOO,HISTORICAL,2025-06-30,568.030029296875,2026-01-09T12:34:48.046996158
ACWI,HISTORICAL,2025-06-30,128.60000610351562,2026-01-09T12:34:48.129038303
VEA,HISTORICAL,2025-06-30,57.0099983215332,2026-01-09T12:34:48.211386256
VOO,HISTORICAL,2025-07-07,570.6099853515625,2026-01-09T12:34:48.289616205
ACWI,HISTORICAL,2025-07-07,128.66000366210938,2026-01-09T12:34:48.363981945
VEA,HISTORICAL,2025-07-07,56.5099983215332,2026-01-09T12:34:48.603703792
VOO,HISTORICAL,2025-07-14,574.3499755859375,2026-01-09T12:34:48.691549300
ACWI,HISTORICAL,2025-07-14,129.3800048828125,2026-01-09T12:34:48.774897424
VEA,HISTORICAL,2025-07-14,56.939998626708984,2026-01-09T12:34:48.870022610
VOO,HISTORICAL,2025-07-21,577.9500122070312,2026-01-09T12:34:48.953270497
ACWI,HISTORICAL,2025-07-21,130.1300048828125,2026-01-09T12:34:49.034424718
VEA,HISTORICAL,2025-07-21,57.0099983215332,2026-01-09T12:34:49.120602864
VOO,HISTORICAL,2025-07-28,585.4400024414062,2026-01-09T12:34:49.201008240
ACWI,HISTORICAL,2025-07-28,131.2899932861328,2026-01-09T12:34:49.283553880
VEA,HISTORICAL,2025-07-28,57.15999984741211,2026-01-09T12:34:49.366380564
VOO,HISTORICAL,2025-08-04,580.1400146484375,2026-01-09T12:34:49.629689869
ACWI,HISTORICAL,2025-08-04,130.1699981689453,2026-01-09T12:34:49.717090355
VEA,HISTORICAL,2025-08-04,56.79999923706055,2026-01-09T12:34:49.934214793
VOO,HISTORICAL,2025-08-11,584.5399780273438,2026-01-09T12:34:50.140909422
ACWI,HISTORICAL,2025-08-11,131.50999450683594,2026-01-09T12:34:50.227763980
VEA,HISTORICAL,2025-08-11,57.790000915527344,2026-01-09T12:34:50.323554519
VOO,HISTORICAL,2025-08-18,591.3599853515625,2026-01-09T12:34:50.405929803
ACWI,HISTORICAL,2025-08-18,133.41000366210938,2026-01-09T12:34:50.502000229
VEA,HISTORICAL,2025-08-18,58.810001373291016,2026-01-09T12:34:50.582628716
VOO,HISTORICAL,2025-08-25,590.7000122070312,2026-01-09T12:34:50.661686337
ACWI,HISTORICAL,2025-08-25,133.35000610351562,2026-01-09T12:34:52.431698841
VEA,HISTORICAL,2025-08-25,58.81999969482422,2026-01-09T12:34:52.522698662
VOO,HISTORICAL,2025-09-01,593.0800170898438,2026-01-09T12:34:52.608108975
ACWI,HISTORICAL,2025-09-01,133.44000244140625,2026-01-09T12:34:52.801200667
VEA,HISTORICAL,2025-09-01,58.709999084472656,2026-01-09T12:34:52.883363988
VOO,HISTORICAL,2025-09-08,596.5,2026-01-09T12:34:52.967754166
ACWI,HISTORICAL,2025-09-08,134.72000122070312,2026-01-09T12:34:53.055987521
VEA,HISTORICAL,2025-09-08,59.529998779296875,2026-01-09T12:34:53.143753495
VOO,HISTORICAL,2025-09-15,607.5900268554688,2026-01-09T12:34:53.225906823
ACWI,HISTORICAL,2025-09-15,137.24000549316406,2026-01-09T12:34:53.304837597
VEA,HISTORICAL,2025-09-15,60.29999923706055,2026-01-09T12:34:53.384908481
VOO,HISTORICAL,2025-09-22,614.760009765625,2026-01-09T12:34:53.469084171
ACWI,HISTORICAL,2025-09-22,138.41000366210938,2026-01-09T12:34:53.552749999
VEA,HISTORICAL,2025-09-22,59.970001220703125,2026-01-09T12:34:53.644200851
VOO,HISTORICAL,2025-09-29,610.1300048828125,2026-01-09T12:34:53.740560668
ACWI,HISTORICAL,2025-09-29,137.67999267578125,2026-01-09T12:34:53.827818495
VEA,HISTORICAL,2025-09-29,59.709999084472656,2026-01-09T12:34:53.926121189
VOO,HISTORICAL,2025-10-06,617.4000244140625,2026-01-09T12:34:54.023276962
ACWI,HISTORICAL,2025-10-06,140.0500030517578,2026-01-09T12:34:54.103122425
VEA,HISTORICAL,2025-10-06,61.18000030517578,2026-01-09T12:34:54.195609298
VOO,HISTORICAL,2025-10-13,609.6099853515625,2026-01-09T12:34:54.280110437
ACWI,HISTORICAL,2025-10-13,137.82000732421875,2026-01-09T12:34:54.366399387
VEA,HISTORICAL,2025-10-13,59.79999923706055,2026-01-09T12:34:54.453989202
VOO,HISTORICAL,2025-10-20,617.1699829101562,2026-01-09T12:34:54.543766960
ACWI,HISTORICAL,2025-10-20,140.02000427246094,2026-01-09T12:34:54.633151394
VEA,HISTORICAL,2025-10-20,61.2400016784668,2026-01-09T12:34:54.709291168
VOO,HISTORICAL,2025-10-27,630.0,2026-01-09T12:34:54.787633710
ACWI,HISTORICAL,2025-10-27,142.33999633789062,2026-01-09T12:34:54.869238369
VEA,HISTORICAL,2025-10-27,61.66999816894531,2026-01-09T12:34:54.953359790
VOO,HISTORICAL,2025-11-03,628.27001953125,2026-01-09T12:34:55.156415825
ACWI,HISTORICAL,2025-11-03,141.72000122070312,2026-01-09T12:34:55.236970110
VEA,HISTORICAL,2025-11-03,61.130001068115234,2026-01-09T12:34:55.345727054
VOO,HISTORICAL,2025-11-10,626.469970703125,2026-01-09T12:34:55.435157718
ACWI,HISTORICAL,2025-11-10,141.5800018310547,2026-01-09T12:34:55.520994530
VEA,HISTORICAL,2025-11-10,61.349998474121094,2026-01-09T12:34:55.615801802
VOO,HISTORICAL,2025-11-17,612.0399780273438,2026-01-09T12:34:55.705782694
ACWI,HISTORICAL,2025-11-17,138.5800018310547,2026-01-09T12:34:55.872406637
VEA,HISTORICAL,2025-11-17,60.529998779296875,2026-01-09T12:34:56.079355904
VOO,HISTORICAL,2025-11-24,614.9400024414062,2026-01-09T12:34:56.156921103
ACWI,HISTORICAL,2025-11-24,138.36000061035156,2026-01-09T12:34:56.238547138
VEA,HISTORICAL,2025-11-24,60.060001373291016,2026-01-09T12:34:56.324477004
VOO,HISTORICAL,2025-12-01,625.52001953125,2026-01-09T12:34:56.487598585
ACWI,HISTORICAL,2025-12-01,140.83999633789062,2026-01-09T12:34:56.575488630
VEA,HISTORICAL,2025-12-01,61.2599983215332,2026-01-09T12:34:56.676520478
VOO,HISTORICAL,2025-12-08,628.6099853515625,2026-01-09T12:34:56.899673429
ACWI,HISTORICAL,2025-12-08,141.75999450683594,2026-01-09T12:34:57.102985863
VEA,HISTORICAL,2025-12-08,61.90999984741211,2026-01-09T12:34:57.192285226
VOO,HISTORICAL,2025-12-15,625.9600219726562,2026-01-09T12:34:57.271400049
ACWI,HISTORICAL,2025-12-15,141.8000030517578,2026-01-09T12:34:57.356972386
VEA,HISTORICAL,2025-12-15,62.84000015258789,2026-01-09T12:34:57.446305230
VOO,HISTORICAL,2025-12-22,629.72998046875,2026-01-09T12:34:57.527778888
ACWI,HISTORICAL,2025-12-22,141.74000549316406,2026-01-09T12:34:57.618617387
VEA,HISTORICAL,2025-12-22,62.130001068115234,2026-01-09T12:34:57.818760373
VOO,HISTORICAL,2025-12-29,632.5999755859375,2026-01-09T12:34:57.896058019
ACWI,HISTORICAL,2025-12-29,142.41000366210938,2026-01-09T12:34:57.976156910
VEA,HISTORICAL,2025-12-29,62.720001220703125,2026-01-09T12:34:58.086141335
VOO,HISTORICAL,2026-01-05,632.4600219726562,2026-01-09T12:34:58.177118689
ACWI,HISTORICAL,2026-01-05,143.67999267578125,2026-01-09T12:34:58.260553168
VEA,HISTORICAL,2026-01-05,63.95000076293945,2026-01-09T12:34:58.536236813
VOO,HISTORICAL,2026-01-09,634.0599975585938,2026-01-09T12:34:58.631751668
ACWI,HISTORICAL,2026-01-09,143.77000427246094,2026-01-09T12:34:58.728508727
VEA,HISTORICAL,2026-01-09,63.939998626708984,2026-01-09T12:34:58.945385878
VT,CURRENT,,144.98,2026-01-16T21:50:37.224445767
BND,CURRENT,,74.21,2026-01-16T21:50:37.771101388
VT,HISTORICAL,2024-02-01,104.08000183105469,2026-01-09T14:46:09.224069440
BND,HISTORICAL,2024-02-01,73.66000366210938,2026-01-09T14:46:09.317712325
VT,HISTORICAL,2024-02-08,105.12000274658203,2026-01-09T14:46:09.407590478
BND,HISTORICAL,2024-02-08,72.43000030517578,2026-01-09T14:46:09.497177146
VT,HISTORICAL,2024-02-15,106.2300033569336,2026-01-09T14:46:09.591708232
BND,HISTORICAL,2024-02-15,72.2300033569336,2026-01-09T14:46:09.762068661
VT,HISTORICAL,2024-02-22,107.44000244140625,2026-01-09T14:46:09.848993506
BND,HISTORICAL,2024-02-22,71.91999816894531,2026-01-09T14:46:10.089810694
VT,HISTORICAL,2024-02-29,107.5,2026-01-09T14:46:10.180099156
BND,HISTORICAL,2024-02-29,72.22000122070312,2026-01-09T14:46:10.290071593
VT,HISTORICAL,2024-03-07,109.43000030517578,2026-01-09T14:46:10.394527612
BND,HISTORICAL,2024-03-07,72.79000091552734,2026-01-09T14:46:10.570258138
VT,HISTORICAL,2024-03-14,109.04000091552734,2026-01-09T14:46:10.662456428
BND,HISTORICAL,2024-03-14,72.05999755859375,2026-01-09T14:46:10.759120743
VT,HISTORICAL,2024-03-21,110.33000183105469,2026-01-09T14:46:10.851781185
BND,HISTORICAL,2024-03-21,72.30999755859375,2026-01-09T14:46:10.944044108
VT,HISTORICAL,2024-03-28,110.5,2026-01-09T14:46:11.037277588
BND,HISTORICAL,2024-03-28,72.62999725341797,2026-01-09T14:46:11.146385749
VT,HISTORICAL,2024-04-04,108.72000122070312,2026-01-09T14:46:11.245086376
BND,HISTORICAL,2024-04-04,72.04000091552734,2026-01-09T14:46:11.337889492
VT,HISTORICAL,2024-04-11,109.37999725341797,2026-01-09T14:46:11.522908418
BND,HISTORICAL,2024-04-11,71.04000091552734,2026-01-09T14:46:11.627465769
VT,HISTORICAL,2024-04-18,105.43000030517578,2026-01-09T14:46:11.717990726
BND,HISTORICAL,2024-04-18,70.69999694824219,2026-01-09T14:46:11.932659055
VT,HISTORICAL,2024-04-25,106.76000213623047,2026-01-09T14:46:12.036808615
BND,HISTORICAL,2024-04-25,70.56999969482422,2026-01-09T14:46:12.143135008
VT,HISTORICAL,2024-05-02,107.63999938964844,2026-01-09T14:46:12.230650941
BND,HISTORICAL,2024-05-02,70.98999786376953,2026-01-09T14:46:12.444414125
VT,HISTORICAL,2024-05-09,110.4000015258789,2026-01-09T14:46:12.539250784
BND,HISTORICAL,2024-05-09,71.58000183105469,2026-01-09T14:46:12.635719917
VT,HISTORICAL,2024-05-16,112.16999816894531,2026-01-09T14:46:12.736489853
BND,HISTORICAL,2024-05-16,71.98999786376953,2026-01-09T14:46:12.832718881
VT,HISTORICAL,2024-05-23,111.16999816894531,2026-01-09T14:46:12.919816977
BND,HISTORICAL,2024-05-23,71.58999633789062,2026-01-09T14:46:13.012103868
VT,HISTORICAL,2024-05-30,110.61000061035156,2026-01-09T14:46:13.100441596
BND,HISTORICAL,2024-05-30,71.37999725341797,2026-01-09T14:46:13.188991228
VT,HISTORICAL,2024-06-06,112.55999755859375,2026-01-09T14:46:13.284909736
BND,HISTORICAL,2024-06-06,72.30000305175781,2026-01-09T14:46:13.375742272
VT,HISTORICAL,2024-06-13,112.7699966430664,2026-01-09T14:46:13.461807568
BND,HISTORICAL,2024-06-13,72.55000305175781,2026-01-09T14:46:13.575995662
VT,HISTORICAL,2024-06-20,113.30999755859375,2026-01-09T14:46:13.673832158
BND,HISTORICAL,2024-06-20,72.5,2026-01-09T14:46:13.760353168
VT,HISTORICAL,2024-06-27,112.80999755859375,2026-01-09T14:46:13.851564246
BND,HISTORICAL,2024-06-27,72.38999938964844,2026-01-09T14:46:13.954335909
VT,HISTORICAL,2024-07-04,114.18000030517578,2026-01-09T14:46:14.056258555
BND,HISTORICAL,2024-07-04,72.06999969482422,2026-01-09T14:46:14.160148133
VT,HISTORICAL,2024-07-11,115.63999938964844,2026-01-09T14:46:14.390137524
BND,HISTORICAL,2024-07-11,72.79000091552734,2026-01-09T14:46:14.487817158
VT,HISTORICAL,2024-07-18,114.81999969482422,2026-01-09T14:46:14.590922134
BND,HISTORICAL,2024-07-18,72.91000366210938,2026-01-09T14:46:14.695650776
VT,HISTORICAL,2024-07-25,112.25,2026-01-09T14:46:14.782808448
BND,HISTORICAL,2024-07-25,72.6500015258789,2026-01-09T14:46:14.881013880
VT,HISTORICAL,2024-08-01,112.77999877929688,2026-01-09T14:46:14.971044179
BND,HISTORICAL,2024-08-01,73.56999969482422,2026-01-09T14:46:15.076522330
VT,HISTORICAL,2024-08-08,110.55999755859375,2026-01-09T14:46:15.167032549
BND,HISTORICAL,2024-08-08,73.58999633789062,2026-01-09T14:46:15.266266193
VT,HISTORICAL,2024-08-15,114.72000122070312,2026-01-09T14:46:15.383844544
BND,HISTORICAL,2024-08-15,74.08999633789062,2026-01-09T14:46:15.472781580
VT,HISTORICAL,2024-08-22,115.72000122070312,2026-01-09T14:46:15.565462983
BND,HISTORICAL,2024-08-22,74.41999816894531,2026-01-09T14:46:15.682896015
VT,HISTORICAL,2024-08-29,116.69000244140625,2026-01-09T14:46:15.793337223
BND,HISTORICAL,2024-08-29,74.51000213623047,2026-01-09T14:46:15.891105437
VT,HISTORICAL,2024-09-05,114.77999877929688,2026-01-09T14:46:15.976652666
BND,HISTORICAL,2024-09-05,74.95999908447266,2026-01-09T14:46:16.080179868
VT,HISTORICAL,2024-09-12,116.02999877929688,2026-01-09T14:46:16.167076387
BND,HISTORICAL,2024-09-12,75.27999877929688,2026-01-09T14:46:16.262568399
VT,HISTORICAL,2024-09-19,118.76000213623047,2026-01-09T14:46:16.358071683
BND,HISTORICAL,2024-09-19,75.30999755859375,2026-01-09T14:46:16.541268776
VT,HISTORICAL,2024-09-26,119.95999908447266,2026-01-09T14:46:16.626656824
BND,HISTORICAL,2024-09-26,75.05999755859375,2026-01-09T14:46:16.718422736
VT,HISTORICAL,2024-10-03,118.45999908447266,2026-01-09T14:46:16.816567038
BND,HISTORICAL,2024-10-03,74.63999938964844,2026-01-09T14:46:16.913342167
VT,HISTORICAL,2024-10-10,119.2699966430664,2026-01-09T14:46:17.004688837
BND,HISTORICAL,2024-10-10,73.80999755859375,2026-01-09T14:46:17.105074240
VT,HISTORICAL,2024-10-17,119.9800033569336,2026-01-09T14:46:17.360518139
BND,HISTORICAL,2024-10-17,73.80000305175781,2026-01-09T14:46:17.477342128
VT,HISTORICAL,2024-10-24,118.93000030517578,2026-01-09T14:46:17.769472178
BND,HISTORICAL,2024-10-24,73.30999755859375,2026-01-09T14:46:17.887474243
VT,HISTORICAL,2024-10-31,117.08999633789062,2026-01-09T14:46:17.986573980
BND,HISTORICAL,2024-10-31,73.05000305175781,2026-01-09T14:46:18.095792472
VT,HISTORICAL,2024-11-07,121.75,2026-01-09T14:46:18.188839427
BND,HISTORICAL,2024-11-07,72.94999694824219,2026-01-09T14:46:18.279681778
VT,HISTORICAL,2024-11-14,119.70999908447266,2026-01-09T14:46:18.367733575
BND,HISTORICAL,2024-11-14,72.45999908447266,2026-01-09T14:46:18.691179734
VT,HISTORICAL,2024-11-21,120.06999969482422,2026-01-09T14:46:18.788144396
BND,HISTORICAL,2024-11-21,72.55999755859375,2026-01-09T14:46:18.895574391
VT,HISTORICAL,2024-11-28,121.02999877929688,2026-01-09T14:46:18.998939886
BND,HISTORICAL,2024-11-28,73.33000183105469,2026-01-09T14:46:19.205451696
VT,HISTORICAL,2024-12-05,122.91999816894531,2026-01-09T14:46:19.407167828
BND,HISTORICAL,2024-12-05,73.51000213623047,2026-01-09T14:46:19.510098351
VT,HISTORICAL,2024-12-12,122.13999938964844,2026-01-09T14:46:19.628945959
BND,HISTORICAL,2024-12-12,72.95999908447266,2026-01-09T14:46:19.726059989
VT,HISTORICAL,2024-12-19,118.04000091552734,2026-01-09T14:46:19.834711877
BND,HISTORICAL,2024-12-19,71.98999786376953,2026-01-09T14:46:19.919766610
VT,HISTORICAL,2024-12-26,119.83999633789062,2026-01-09T14:46:20.006716867
BND,HISTORICAL,2024-12-26,71.9000015258789,2026-01-09T14:46:20.097636199
VT,HISTORICAL,2025-01-02,117.23999786376953,2026-01-09T14:46:20.189286365
BND,HISTORICAL,2025-01-02,71.94000244140625,2026-01-09T14:46:20.313619703
VT,HISTORICAL,2025-01-09,118.05000305175781,2026-01-09T14:46:20.416469727
BND,HISTORICAL,2025-01-09,71.61000061035156,2026-01-09T14:46:20.522613236
VT,HISTORICAL,2025-01-16,118.48999786376953,2026-01-09T14:46:20.628531910
BND,HISTORICAL,2025-01-16,71.93000030517578,2026-01-09T14:46:20.738318306
VT,HISTORICAL,2025-01-23,121.88999938964844,2026-01-09T14:46:20.839359628
BND,HISTORICAL,2025-01-23,71.9000015258789,2026-01-09T14:46:20.939130789
VT,HISTORICAL,2025-01-30,121.94000244140625,2026-01-09T14:46:21.043794457
BND,HISTORICAL,2025-01-30,72.44000244140625,2026-01-09T14:46:21.146096128
VT,HISTORICAL,2025-02-06,122.27999877929688,2026-01-09T14:46:21.229790350
BND,HISTORICAL,2025-02-06,72.55999755859375,2026-01-09T14:46:21.329849991
VT,HISTORICAL,2025-02-13,123.36000061035156,2026-01-09T14:46:21.418193827
BND,HISTORICAL,2025-02-13,72.30000305175781,2026-01-09T14:46:21.520102059
VT,HISTORICAL,2025-02-20,123.6500015258789,2026-01-09T14:46:21.619722661
BND,HISTORICAL,2025-02-20,72.44999694824219,2026-01-09T14:46:21.729456024
VT,HISTORICAL,2025-02-27,119.5199966430664,2026-01-09T14:46:21.844061939
BND,HISTORICAL,2025-02-27,73.3499984741211,2026-01-09T14:46:21.934432812
VT,HISTORICAL,2025-03-06,118.58999633789062,2026-01-09T14:46:22.020300111
BND,HISTORICAL,2025-03-06,73.08000183105469,2026-01-09T14:46:22.112143483
VT,HISTORICAL,2025-03-13,115.08000183105469,2026-01-09T14:46:22.217497416
BND,HISTORICAL,2025-03-13,73.12999725341797,2026-01-09T14:46:22.327385948
VT,HISTORICAL,2025-03-20,118.25,2026-01-09T14:46:22.491259573
BND,HISTORICAL,2025-03-20,73.37999725341797,2026-01-09T14:46:22.589121976
VT,HISTORICAL,2025-03-27,117.88999938964844,2026-01-09T14:46:22.694024837
BND,HISTORICAL,2025-03-27,72.9000015258789,2026-01-09T14:46:22.795273664
VT,HISTORICAL,2025-04-03,112.4000015258789,2026-01-09T14:46:22.991642665
BND,HISTORICAL,2025-04-03,73.76000213623047,2026-01-09T14:46:23.102640039
VT,HISTORICAL,2025-04-10,108.86000061035156,2026-01-09T14:46:23.194228804
BND,HISTORICAL,2025-04-10,72.0999984741211,2026-01-09T14:46:23.401217117
VT,HISTORICAL,2025-04-17,111.18000030517578,2026-01-09T14:46:23.486161951
BND,HISTORICAL,2025-04-17,72.6500015258789,2026-01-09T14:46:23.580181042
VT,HISTORICAL,2025-04-24,115.25,2026-01-09T14:46:23.810771582
BND,HISTORICAL,2025-04-24,72.94000244140625,2026-01-09T14:46:23.913082270
VT,HISTORICAL,2025-05-01,117.0199966430664,2026-01-09T14:46:23.999875794
BND,HISTORICAL,2025-05-01,73.05999755859375,2026-01-09T14:46:24.094116665
VT,HISTORICAL,2025-05-08,118.62000274658203,2026-01-09T14:46:24.322843155
BND,HISTORICAL,2025-05-08,72.51000213623047,2026-01-09T14:46:24.423734110
VT,HISTORICAL,2025-05-15,123.0199966430664,2026-01-09T14:46:24.629754841
BND,HISTORICAL,2025-05-15,72.43000030517578,2026-01-09T14:46:24.715676464
VT,HISTORICAL,2025-05-22,122.19000244140625,2026-01-09T14:46:24.797122399
BND,HISTORICAL,2025-05-22,72.08000183105469,2026-01-09T14:46:24.901683148
VT,HISTORICAL,2025-05-29,123.54000091552734,2026-01-09T14:46:24.989196414
BND,HISTORICAL,2025-05-29,72.62999725341797,2026-01-09T14:46:25.163288148
VT,HISTORICAL,2025-06-05,124.45999908447266,2026-01-09T14:46:25.264337721
BND,HISTORICAL,2025-06-05,72.5999984741211,2026-01-09T14:46:25.384491904
VT,HISTORICAL,2025-06-12,126.54000091552734,2026-01-09T14:46:25.474167277
BND,HISTORICAL,2025-06-12,72.95999908447266,2026-01-09T14:46:25.584032034
VT,HISTORICAL,2025-06-19,124.87999725341797,2026-01-09T14:46:25.756347650
BND,HISTORICAL,2025-06-19,72.83000183105469,2026-01-09T14:46:25.848343424
VT,HISTORICAL,2025-06-26,127.44999694824219,2026-01-09T14:46:25.934133193
BND,HISTORICAL,2025-06-26,73.51000213623047,2026-01-09T14:46:26.032061684
VT,HISTORICAL,2025-07-03,129.7899932861328,2026-01-09T14:46:26.115372528
BND,HISTORICAL,2025-07-03,73.08000183105469,2026-01-09T14:46:26.373576599
VT,HISTORICAL,2025-07-10,129.88999938964844,2026-01-09T14:46:26.574995095
BND,HISTORICAL,2025-07-10,73.0999984741211,2026-01-09T14:46:26.780089147
VT,HISTORICAL,2025-07-17,129.97999572753906,2026-01-09T14:46:26.880805065
BND,HISTORICAL,2025-07-17,72.7300033569336,2026-01-09T14:46:27.087752225
VT,HISTORICAL,2025-07-24,131.6999969482422,2026-01-09T14:46:27.177451974
BND,HISTORICAL,2025-07-24,72.94000244140625,2026-01-09T14:46:27.279160685
VT,HISTORICAL,2025-07-31,129.92999267578125,2026-01-09T14:46:27.364652252
BND,HISTORICAL,2025-07-31,73.19999694824219,2026-01-09T14:46:27.472249130
VT,HISTORICAL,2025-08-07,131.0399932861328,2026-01-09T14:46:27.573181452
BND,HISTORICAL,2025-08-07,73.58000183105469,2026-01-09T14:46:27.675443787
VT,HISTORICAL,2025-08-14,133.3800048828125,2026-01-09T14:46:27.790243534
BND,HISTORICAL,2025-08-14,73.54000091552734,2026-01-09T14:46:27.876544212
VT,HISTORICAL,2025-08-21,132.19000244140625,2026-01-09T14:46:27.980169621
BND,HISTORICAL,2025-08-21,73.37000274658203,2026-01-09T14:46:28.087004367
VT,HISTORICAL,2025-08-28,134.50999450683594,2026-01-09T14:46:28.176618351
BND,HISTORICAL,2025-08-28,73.88999938964844,2026-01-09T14:46:28.290103761
VT,HISTORICAL,2025-09-04,134.25,2026-01-09T14:46:28.377797228
BND,HISTORICAL,2025-09-04,73.91999816894531,2026-01-09T14:46:28.466865047
VT,HISTORICAL,2025-09-11,136.8699951171875,2026-01-09T14:46:28.562709559
BND,HISTORICAL,2025-09-11,74.66000366210938,2026-01-09T14:46:28.931162225
VT,HISTORICAL,2025-09-18,137.75999450683594,2026-01-09T14:46:29.090809818
BND,HISTORICAL,2025-09-18,74.4000015258789,2026-01-09T14:46:29.200484632
VT,HISTORICAL,2025-09-25,136.1199951171875,2026-01-09T14:46:29.312600605
BND,HISTORICAL,2025-09-25,74.20999908447266,2026-01-09T14:46:29.415011796
VT,HISTORICAL,2025-10-02,138.7100067138672,2026-01-09T14:46:29.535795359
BND,HISTORICAL,2025-10-02,74.4000015258789,2026-01-09T14:46:29.628928037
VT,HISTORICAL,2025-10-09,138.74000549316406,2026-01-09T14:46:29.718480043
BND,HISTORICAL,2025-10-09,74.2300033569336,2026-01-09T14:46:29.829630900
VT,HISTORICAL,2025-10-16,137.64999389648438,2026-01-09T14:46:29.923959810
BND,HISTORICAL,2025-10-16,74.9800033569336,2026-01-09T14:46:30.017215148
VT,HISTORICAL,2025-10-23,139.39999389648438,2026-01-09T14:46:30.127471615
BND,HISTORICAL,2025-10-23,74.91999816894531,2026-01-09T14:46:30.237403587
VT,HISTORICAL,2025-10-30,140.33999633789062,2026-01-09T14:46:30.333729328
BND,HISTORICAL,2025-10-30,74.5999984741211,2026-01-09T14:46:30.441678440
VT,HISTORICAL,2025-11-06,138.5,2026-01-09T14:46:30.534397234
BND,HISTORICAL,2025-11-06,74.37000274658203,2026-01-09T14:46:30.632368498
VT,HISTORICAL,2025-11-13,139.2899932861328,2026-01-09T14:46:30.715000864
BND,HISTORICAL,2025-11-13,74.2699966430664,2026-01-09T14:46:30.817819405
VT,HISTORICAL,2025-11-20,134.72999572753906,2026-01-09T14:46:30.921224445
BND,HISTORICAL,2025-11-20,74.33999633789062,2026-01-09T14:46:31.183966986
VT,HISTORICAL,2025-11-27,140.22000122070312,2026-01-09T14:46:31.290931441
BND,HISTORICAL,2025-11-27,74.9000015258789,2026-01-09T14:46:31.396479689
VT,HISTORICAL,2025-12-04,141.27999877929688,2026-01-09T14:46:31.484740474
BND,HISTORICAL,2025-12-04,74.29000091552734,2026-01-09T14:46:31.590563923
VT,HISTORICAL,2025-12-11,142.55999755859375,2026-01-09T14:46:31.681791576
BND,HISTORICAL,2025-12-11,74.26000213623047,2026-01-09T14:46:31.775284029
VT,HISTORICAL,2025-12-18,140.44000244140625,2026-01-09T14:46:31.892155394
BND,HISTORICAL,2025-12-18,74.1500015258789,2026-01-09T14:46:32.002376293
VT,HISTORICAL,2025-12-25,142.36000061035156,2026-01-09T14:46:32.112724364
BND,HISTORICAL,2025-12-25,74.19000244140625,2026-01-09T14:46:32.228243343
VT,HISTORICAL,2026-01-01,141.05999755859375,2026-01-09T14:46:32.411864858
BND,HISTORICAL,2026-01-01,74.06999969482422,2026-01-09T14:46:32.501324238
VT,HISTORICAL,2026-01-08,143.63999938964844,2026-01-09T14:46:32.589265231
BND,HISTORICAL,2026-01-08,74.12999725341797,2026-01-09T14:46:32.822374843
VT,HISTORICAL,2026-01-09,143.63999938964844,2026-01-09T14:46:32.908815338
BND,HISTORICAL,2026-01-09,74.12999725341797,2026-01-09T14:46:33.004343096
AGG,HISTORICAL,2024-02-01,99.37000274658203,2026-01-09T14:46:33.101325817
AGG,HISTORICAL,2024-02-08,97.66000366210938,2026-01-09T14:46:33.205030410
AGG,HISTORICAL,2024-02-15,97.41000366210938,2026-01-09T14:46:33.320061552
AGG,HISTORICAL,2024-02-22,96.9800033569336,2026-01-09T14:46:33.429685934
AGG,HISTORICAL,2024-02-29,97.3499984741211,2026-01-09T14:46:33.533706732
AGG,HISTORICAL,2024-03-07,98.18000030517578,2026-01-09T14:46:33.707161844
AGG,HISTORICAL,2024-03-14,97.11000061035156,2026-01-09T14:46:33.797660843
AGG,HISTORICAL,2024-03-21,97.51000213623047,2026-01-09T14:46:33.907354674
AGG,HISTORICAL,2024-03-28,97.94000244140625,2026-01-09T14:46:33.993513265
AGG,HISTORICAL,2024-04-04,97.16000366210938,2026-01-09T14:46:34.098908319
AGG,HISTORICAL,2024-04-11,95.77999877929688,2026-01-09T14:46:34.208689848
AGG,HISTORICAL,2024-04-18,95.27999877929688,2026-01-09T14:46:34.313509512
AGG,HISTORICAL,2024-04-25,95.12000274658203,2026-01-09T14:46:34.534403979
AGG,HISTORICAL,2024-05-02,95.69999694824219,2026-01-09T14:46:34.628504142
AGG,HISTORICAL,2024-05-09,96.44000244140625,2026-01-09T14:46:34.724162476
AGG,HISTORICAL,2024-05-16,97.08000183105469,2026-01-09T14:46:34.838960817
AGG,HISTORICAL,2024-05-23,96.47000122070312,2026-01-09T14:46:34.940466697
AGG,HISTORICAL,2024-05-30,96.20999908447266,2026-01-09T14:46:35.051541325
AGG,HISTORICAL,2024-06-06,97.4800033569336,2026-01-09T14:46:35.162732242
AGG,HISTORICAL,2024-06-13,97.81999969482422,2026-01-09T14:46:35.354035273
AGG,HISTORICAL,2024-06-20,97.75,2026-01-09T14:46:35.456563871
AGG,HISTORICAL,2024-06-27,97.55000305175781,2026-01-09T14:46:35.544031659
AGG,HISTORICAL,2024-07-04,97.08999633789062,2026-01-09T14:46:35.634359833
AGG,HISTORICAL,2024-07-11,98.12000274658203,2026-01-09T14:46:35.744045888
AGG,HISTORICAL,2024-07-18,98.25,2026-01-09T14:46:35.854127113
AGG,HISTORICAL,2024-07-25,97.97000122070312,2026-01-09T14:46:35.954376975
AGG,HISTORICAL,2024-08-01,99.22000122070312,2026-01-09T14:46:36.062682320
AGG,HISTORICAL,2024-08-08,99.19999694824219,2026-01-09T14:46:36.241997808
AGG,HISTORICAL,2024-08-15,99.87999725341797,2026-01-09T14:46:36.338564715
AGG,HISTORICAL,2024-08-22,100.30999755859375,2026-01-09T14:46:36.442510381
AGG,HISTORICAL,2024-08-29,100.48999786376953,2026-01-09T14:46:36.548864058
AGG,HISTORICAL,2024-09-05,101.05999755859375,2026-01-09T14:46:36.653583417
AGG,HISTORICAL,2024-09-12,101.52999877929688,2026-01-09T14:46:36.745810973
AGG,HISTORICAL,2024-09-19,101.56999969482422,2026-01-09T14:46:36.835179762
AGG,HISTORICAL,2024-09-26,101.20999908447266,2026-01-09T14:46:36.932642370
AGG,HISTORICAL,2024-10-03,100.61000061035156,2026-01-09T14:46:37.021784895
AGG,HISTORICAL,2024-10-10,99.47000122070312,2026-01-09T14:46:37.131154446
AGG,HISTORICAL,2024-10-17,99.44999694824219,2026-01-09T14:46:37.326966042
AGG,HISTORICAL,2024-10-24,98.79000091552734,2026-01-09T14:46:37.531567374
AGG,HISTORICAL,2024-10-31,98.41999816894531,2026-01-09T14:46:37.632296245
AGG,HISTORICAL,2024-11-07,98.33000183105469,2026-01-09T14:46:37.839111590
AGG,HISTORICAL,2024-11-14,97.6500015258789,2026-01-09T14:46:37.943016414
AGG,HISTORICAL,2024-11-21,97.73999786376953,2026-01-09T14:46:38.043641031
AGG,HISTORICAL,2024-11-28,98.80999755859375,2026-01-09T14:46:38.138588574
AGG,HISTORICAL,2024-12-05,99.05000305175781,2026-01-09T14:46:38.257947428
AGG,HISTORICAL,2024-12-12,98.29000091552734,2026-01-09T14:46:38.362549242
AGG,HISTORICAL,2024-12-19,96.69999694824219,2026-01-09T14:46:38.463746513
AGG,HISTORICAL,2024-12-26,96.83999633789062,2026-01-09T14:46:38.562137462
AGG,HISTORICAL,2025-01-02,96.91000366210938,2026-01-09T14:46:38.687226781
AGG,HISTORICAL,2025-01-09,96.4800033569336,2026-01-09T14:46:38.793813304
AGG,HISTORICAL,2025-01-16,96.91999816894531,2026-01-09T14:46:38.909703961
AGG,HISTORICAL,2025-01-23,96.8499984741211,2026-01-09T14:46:39.016370343
AGG,HISTORICAL,2025-01-30,97.5999984741211,2026-01-09T14:46:39.133995722
AGG,HISTORICAL,2025-02-06,97.7699966430664,2026-01-09T14:46:39.237416361
AGG,HISTORICAL,2025-02-13,97.33999633789062,2026-01-09T14:46:39.478806659
AGG,HISTORICAL,2025-02-20,97.5999984741211,2026-01-09T14:46:39.585156348
AGG,HISTORICAL,2025-02-27,98.80999755859375,2026-01-09T14:46:39.693180584
AGG,HISTORICAL,2025-03-06,98.47000122070312,2026-01-09T14:46:39.788333036
AGG,HISTORICAL,2025-03-13,98.4800033569336,2026-01-09T14:46:39.891418891
AGG,HISTORICAL,2025-03-20,98.86000061035156,2026-01-09T14:46:39.991420420
AGG,HISTORICAL,2025-03-27,98.16000366210938,2026-01-09T14:46:40.097341825
AGG,HISTORICAL,2025-04-03,99.37000274658203,2026-01-09T14:46:40.205107959
AGG,HISTORICAL,2025-04-10,97.13999938964844,2026-01-09T14:46:40.357347384
AGG,HISTORICAL,2025-04-17,97.87000274658203,2026-01-09T14:46:40.452552
AGG,HISTORICAL,2025-04-24,98.23999786376953,2026-01-09T14:46:40.576397677
AGG,HISTORICAL,2025-05-01,98.43000030517578,2026-01-09T14:46:44.242955645
AGG,HISTORICAL,2025-05-08,97.66000366210938,2026-01-09T14:46:44.366526524
AGG,HISTORICAL,2025-05-15,97.5999984741211,2026-01-09T14:46:44.466113790
AGG,HISTORICAL,2025-05-22,97.0999984741211,2026-01-09T14:46:44.578237029
AGG,HISTORICAL,2025-05-29,97.86000061035156,2026-01-09T14:46:44.683162208
AGG,HISTORICAL,2025-06-05,97.77999877929688,2026-01-09T14:46:44.797858027
AGG,HISTORICAL,2025-06-12,98.30999755859375,2026-01-09T14:46:45.006511179
AGG,HISTORICAL,2025-06-19,98.12999725341797,2026-01-09T14:46:45.212477316
AGG,HISTORICAL,2025-06-26,99.08000183105469,2026-01-09T14:46:45.416485210
AGG,HISTORICAL,2025-07-03,98.47000122070312,2026-01-09T14:46:45.508193321
AGG,HISTORICAL,2025-07-10,98.45999908447266,2026-01-09T14:46:45.611265389
AGG,HISTORICAL,2025-07-17,97.93000030517578,2026-01-09T14:46:45.711033094
AGG,HISTORICAL,2025-07-24,98.29000091552734,2026-01-09T14:46:45.824493252
AGG,HISTORICAL,2025-07-31,98.62000274658203,2026-01-09T14:46:45.921997262
AGG,HISTORICAL,2025-08-07,99.12999725341797,2026-01-09T14:46:46.022699009
AGG,HISTORICAL,2025-08-14,99.08999633789062,2026-01-09T14:46:46.134863195
AGG,HISTORICAL,2025-08-21,98.8499984741211,2026-01-09T14:46:46.237763899
AGG,HISTORICAL,2025-08-28,99.58999633789062,2026-01-09T14:46:46.349922233
AGG,HISTORICAL,2025-09-04,99.62999725341797,2026-01-09T14:46:46.544350165
AGG,HISTORICAL,2025-09-11,100.62999725341797,2026-01-09T14:46:46.661891859
AGG,HISTORICAL,2025-09-18,100.29000091552734,2026-01-09T14:46:46.754771247
AGG,HISTORICAL,2025-09-25,100.0,2026-01-09T14:46:46.855335870
AGG,HISTORICAL,2025-10-02,100.29000091552734,2026-01-09T14:46:46.975064090
AGG,HISTORICAL,2025-10-09,100.0199966430664,2026-01-09T14:46:47.083309105
AGG,HISTORICAL,2025-10-16,101.0999984741211,2026-01-09T14:46:47.184272359
AGG,HISTORICAL,2025-10-23,101.04000091552734,2026-01-09T14:46:47.362739805
AGG,HISTORICAL,2025-10-30,100.5999984741211,2026-01-09T14:46:47.469404013
AGG,HISTORICAL,2025-11-06,100.23999786376953,2026-01-09T14:46:47.590484117
AGG,HISTORICAL,2025-11-13,100.12000274658203,2026-01-09T14:46:47.698219931
AGG,HISTORICAL,2025-11-20,100.19999694824219,2026-01-09T14:46:47.798377068
AGG,HISTORICAL,2025-11-27,100.95999908447266,2026-01-09T14:46:47.906676377
AGG,HISTORICAL,2025-12-04,100.13999938964844,2026-01-09T14:46:48.015199230
AGG,HISTORICAL,2025-12-11,100.12000274658203,2026-01-09T14:46:48.111095074
AGG,HISTORICAL,2025-12-18,100.31999969482422,2026-01-09T14:46:48.215430148
AGG,HISTORICAL,2025-12-25,100.0199966430664,2026-01-09T14:46:48.315727235
AGG,HISTORICAL,2026-01-01,99.87999725341797,2026-01-09T14:46:48.591115598
AGG,HISTORICAL,2026-01-08,99.94000244140625,2026-01-09T14:46:48.689234837
AGG,HISTORICAL,2026-01-09,99.94000244140625,2026-01-09T14:46:48.783017583
VT,HISTORICAL,2024-02-05,103.97000122070312,2026-01-09T14:46:48.866636949
BND,HISTORICAL,2024-02-05,72.41999816894531,2026-01-09T14:46:48.965958318
AGG,HISTORICAL,2024-02-05,97.6500015258789,2026-01-09T14:46:49.104924489
VT,HISTORICAL,2024-02-12,105.83999633789062,2026-01-09T14:46:49.215864319
BND,HISTORICAL,2024-02-12,72.38999938964844,2026-01-09T14:46:49.313353159
AGG,HISTORICAL,2024-02-12,97.6500015258789,2026-01-09T14:46:49.512692981
VT,HISTORICAL,2024-02-19,105.9800033569336,2026-01-09T14:46:49.605777900
BND,HISTORICAL,2024-02-19,72.0,2026-01-09T14:46:49.719755417
AGG,HISTORICAL,2024-02-19,97.0999984741211,2026-01-09T14:46:49.836156407
VT,HISTORICAL,2024-02-26,107.23999786376953,2026-01-09T14:46:49.925621247
BND,HISTORICAL,2024-02-26,72.05000305175781,2026-01-09T14:46:50.127507254
AGG,HISTORICAL,2024-02-26,97.12999725341797,2026-01-09T14:46:50.223463653
VT,HISTORICAL,2024-03-04,108.29000091552734,2026-01-09T14:46:50.315248296
BND,HISTORICAL,2024-03-04,72.1500015258789,2026-01-09T14:46:50.407835084
AGG,HISTORICAL,2024-03-04,97.29000091552734,2026-01-09T14:46:50.517420357
VT,HISTORICAL,2024-03-11,108.66000366210938,2026-01-09T14:46:50.743733355
BND,HISTORICAL,2024-03-11,72.83000183105469,2026-01-09T14:46:50.844899187
AGG,HISTORICAL,2024-03-11,98.16000366210938,2026-01-09T14:46:50.948368513
VT,HISTORICAL,2024-03-18,108.54000091552734,2026-01-09T14:46:51.038994254
BND,HISTORICAL,2024-03-18,71.93000030517578,2026-01-09T14:46:51.139034473
AGG,HISTORICAL,2024-03-18,97.0,2026-01-09T14:46:51.232382491
VT,HISTORICAL,2024-03-25,109.7699966430664,2026-01-09T14:46:51.317407752
BND,HISTORICAL,2024-03-25,72.41000366210938,2026-01-09T14:46:51.404334450
AGG,HISTORICAL,2024-03-25,97.63999938964844,2026-01-09T14:46:51.561046374
VT,HISTORICAL,2024-04-01,110.20999908447266,2026-01-09T14:46:51.766629575
BND,HISTORICAL,2024-04-01,71.91999816894531,2026-01-09T14:46:51.860034504
AGG,HISTORICAL,2024-04-01,96.94000244140625,2026-01-09T14:46:51.955502742
VT,HISTORICAL,2024-04-08,109.8499984741211,2026-01-09T14:46:52.176791039
BND,HISTORICAL,2024-04-08,71.62000274658203,2026-01-09T14:46:52.269719129
AGG,HISTORICAL,2024-04-08,96.58999633789062,2026-01-09T14:46:52.375745548
VT,HISTORICAL,2024-04-15,106.5999984741211,2026-01-09T14:46:52.473315597
BND,HISTORICAL,2024-04-15,70.7300033569336,2026-01-09T14:46:52.563453449
AGG,HISTORICAL,2024-04-15,95.37999725341797,2026-01-09T14:46:52.659551784
VT,HISTORICAL,2024-04-22,105.91999816894531,2026-01-09T14:46:52.749255859
BND,HISTORICAL,2024-04-22,70.81999969482422,2026-01-09T14:46:52.841518706
AGG,HISTORICAL,2024-04-22,95.44000244140625,2026-01-09T14:46:52.941787863
VT,HISTORICAL,2024-04-29,108.19000244140625,2026-01-09T14:46:53.202534478
BND,HISTORICAL,2024-04-29,70.94000244140625,2026-01-09T14:46:53.295689965
AGG,HISTORICAL,2024-04-29,95.62000274658203,2026-01-09T14:46:53.393279539
VT,HISTORICAL,2024-05-06,109.76000213623047,2026-01-09T14:46:53.608585586
BND,HISTORICAL,2024-05-06,71.41999816894531,2026-01-09T14:46:53.705534625
AGG,HISTORICAL,2024-05-06,96.26000213623047,2026-01-09T14:46:53.801818489
VT,HISTORICAL,2024-05-13,110.55999755859375,2026-01-09T14:46:53.885596333
BND,HISTORICAL,2024-05-13,71.44000244140625,2026-01-09T14:46:53.983237453
AGG,HISTORICAL,2024-05-13,96.29000091552734,2026-01-09T14:46:54.082500502
VT,HISTORICAL,2024-05-20,112.55000305175781,2026-01-09T14:46:54.170314085
BND,HISTORICAL,2024-05-20,71.73999786376953,2026-01-09T14:46:54.272375133
AGG,HISTORICAL,2024-05-20,96.68000030517578,2026-01-09T14:46:54.374623299
VT,HISTORICAL,2024-05-27,111.98999786376953,2026-01-09T14:46:54.463960381
BND,HISTORICAL,2024-05-27,71.66999816894531,2026-01-09T14:46:54.555707680
AGG,HISTORICAL,2024-05-27,96.58000183105469,2026-01-09T14:46:54.662278267
VT,HISTORICAL,2024-06-03,111.55000305175781,2026-01-09T14:46:54.747967295
BND,HISTORICAL,2024-06-03,71.81999969482422,2026-01-09T14:46:54.839782728
AGG,HISTORICAL,2024-06-03,96.80000305175781,2026-01-09T14:46:54.934267509
VT,HISTORICAL,2024-06-10,112.2699966430664,2026-01-09T14:46:55.018809885
BND,HISTORICAL,2024-06-10,71.61000061035156,2026-01-09T14:46:55.247973548
AGG,HISTORICAL,2024-06-10,96.54000091552734,2026-01-09T14:46:55.440595019
VT,HISTORICAL,2024-06-17,113.13999938964844,2026-01-09T14:46:55.535882533
BND,HISTORICAL,2024-06-17,72.38999938964844,2026-01-09T14:46:55.632238400
AGG,HISTORICAL,2024-06-17,97.56999969482422,2026-01-09T14:46:55.743320169
VT,HISTORICAL,2024-06-24,112.55000305175781,2026-01-09T14:46:55.964003218
BND,HISTORICAL,2024-06-24,72.55999755859375,2026-01-09T14:46:56.082544468
AGG,HISTORICAL,2024-06-24,97.83999633789062,2026-01-09T14:46:56.177458279
VT,HISTORICAL,2024-07-01,112.77999877929688,2026-01-09T14:46:56.265883692
BND,HISTORICAL,2024-07-01,71.44999694824219,2026-01-09T14:46:56.374841172
AGG,HISTORICAL,2024-07-01,96.25,2026-01-09T14:46:56.578597420
VT,HISTORICAL,2024-07-08,114.68000030517578,2026-01-09T14:46:56.665487843
BND,HISTORICAL,2024-07-08,72.4000015258789,2026-01-09T14:46:56.774472405
AGG,HISTORICAL,2024-07-08,97.61000061035156,2026-01-09T14:46:56.883963898
VT,HISTORICAL,2024-07-15,116.38999938964844,2026-01-09T14:46:56.991251008
BND,HISTORICAL,2024-07-15,72.75,2026-01-09T14:46:57.086540614
AGG,HISTORICAL,2024-07-15,98.05000305175781,2026-01-09T14:46:57.295531483
VT,HISTORICAL,2024-07-22,115.19999694824219,2026-01-09T14:46:57.380570023
BND,HISTORICAL,2024-07-22,72.69000244140625,2026-01-09T14:46:57.465450934
AGG,HISTORICAL,2024-07-22,98.01000213623047,2026-01-09T14:46:57.557742096
VT,HISTORICAL,2024-07-29,113.38999938964844,2026-01-09T14:46:57.638546855
BND,HISTORICAL,2024-07-29,73.02999877929688,2026-01-09T14:46:57.746123855
AGG,HISTORICAL,2024-07-29,98.4800033569336,2026-01-09T14:46:57.857973550
VT,HISTORICAL,2024-08-05,107.72000122070312,2026-01-09T14:46:57.953199023
BND,HISTORICAL,2024-08-05,74.33999633789062,2026-01-09T14:46:58.217888931
AGG,HISTORICAL,2024-08-05,100.25,2026-01-09T14:46:58.341236448
VT,HISTORICAL,2024-08-12,111.04000091552734,2026-01-09T14:46:58.437158035
BND,HISTORICAL,2024-08-12,73.9800033569336,2026-01-09T14:46:58.527571541
AGG,HISTORICAL,2024-08-12,99.72000122070312,2026-01-09T14:46:58.729206461
VT,HISTORICAL,2024-08-19,116.3499984741211,2026-01-09T14:46:58.838678820
BND,HISTORICAL,2024-08-19,74.33999633789062,2026-01-09T14:46:59.139713678
AGG,HISTORICAL,2024-08-19,100.2300033569336,2026-01-09T14:46:59.240328768
VT,HISTORICAL,2024-08-26,116.86000061035156,2026-01-09T14:46:59.329360597
BND,HISTORICAL,2024-08-26,74.66999816894531,2026-01-09T14:46:59.431000175
AGG,HISTORICAL,2024-08-26,100.68000030517578,2026-01-09T14:46:59.535704777
VT,HISTORICAL,2024-09-02,117.54000091552734,2026-01-09T14:46:59.707339958
BND,HISTORICAL,2024-09-02,74.36000061035156,2026-01-09T14:46:59.802599198
AGG,HISTORICAL,2024-09-02,100.25,2026-01-09T14:46:59.910455226
VT,HISTORICAL,2024-09-09,113.98999786376953,2026-01-09T14:47:00.003974590
BND,HISTORICAL,2024-09-09,75.1500015258789,2026-01-09T14:47:00.099231072
AGG,HISTORICAL,2024-09-09,101.33999633789062,2026-01-09T14:47:00.302669118
VT,HISTORICAL,2024-09-16,117.08999633789062,2026-01-09T14:47:00.414594636
BND,HISTORICAL,2024-09-16,75.63999938964844,2026-01-09T14:47:00.524223403
AGG,HISTORICAL,2024-09-16,101.9800033569336,2026-01-09T14:47:00.626432270
VT,HISTORICAL,2024-09-23,118.27999877929688,2026-01-09T14:47:00.880042467
BND,HISTORICAL,2024-09-23,75.25,2026-01-09T14:47:00.972446573
AGG,HISTORICAL,2024-09-23,101.44000244140625,2026-01-09T14:47:01.075202165
VT,HISTORICAL,2024-09-30,119.69999694824219,2026-01-09T14:47:01.288955001
BND,HISTORICAL,2024-09-30,75.11000061035156,2026-01-09T14:47:01.494036078
AGG,HISTORICAL,2024-09-30,101.2699966430664,2026-01-09T14:47:01.591174884
VT,HISTORICAL,2024-10-07,118.79000091552734,2026-01-09T14:47:01.684947549
BND,HISTORICAL,2024-10-07,73.93000030517578,2026-01-09T14:47:01.784403760
AGG,HISTORICAL,2024-10-07,99.62000274658203,2026-01-09T14:47:01.893599023
VT,HISTORICAL,2024-10-14,120.69000244140625,2026-01-09T14:47:01.996609920
BND,HISTORICAL,2024-10-14,73.7699966430664,2026-01-09T14:47:02.108472181
AGG,HISTORICAL,2024-10-14,99.41000366210938,2026-01-09T14:47:02.218229804
VT,HISTORICAL,2024-10-21,119.94999694824219,2026-01-09T14:47:02.314920526
BND,HISTORICAL,2024-10-21,73.33999633789062,2026-01-09T14:47:02.415761289
AGG,HISTORICAL,2024-10-21,98.83000183105469,2026-01-09T14:47:02.507175182
VT,HISTORICAL,2024-10-28,119.3499984741211,2026-01-09T14:47:02.599376837
BND,HISTORICAL,2024-10-28,73.06999969482422,2026-01-09T14:47:02.825410748
AGG,HISTORICAL,2024-10-28,98.43000030517578,2026-01-09T14:47:02.920390944
VT,HISTORICAL,2024-11-04,117.5,2026-01-09T14:47:03.030711753
BND,HISTORICAL,2024-11-04,72.83000183105469,2026-01-09T14:47:03.130361293
AGG,HISTORICAL,2024-11-04,98.12999725341797,2026-01-09T14:47:03.224779796
VT,HISTORICAL,2024-11-11,121.55000305175781,2026-01-09T14:47:03.439436657
BND,HISTORICAL,2024-11-11,72.94999694824219,2026-01-09T14:47:03.550052202
AGG,HISTORICAL,2024-11-11,98.27999877929688,2026-01-09T14:47:03.656943217
VT,HISTORICAL,2024-11-18,119.22000122070312,2026-01-09T14:47:03.848638469
BND,HISTORICAL,2024-11-18,72.55000305175781,2026-01-09T14:47:03.946311052
AGG,HISTORICAL,2024-11-18,97.75,2026-01-09T14:47:04.157366095
VT,HISTORICAL,2024-11-25,121.0999984741211,2026-01-09T14:47:04.249165137
BND,HISTORICAL,2024-11-25,73.26000213623047,2026-01-09T14:47:04.341086785
AGG,HISTORICAL,2024-11-25,98.69000244140625,2026-01-09T14:47:04.669060485
VT,HISTORICAL,2024-12-02,122.19999694824219,2026-01-09T14:47:04.755518976
BND,HISTORICAL,2024-12-02,73.41999816894531,2026-01-09T14:47:04.976100757
AGG,HISTORICAL,2024-12-02,98.9000015258789,2026-01-09T14:47:05.086107855
VT,HISTORICAL,2024-12-09,122.81999969482422,2026-01-09T14:47:05.288320711
BND,HISTORICAL,2024-12-09,73.48999786376953,2026-01-09T14:47:05.409884968
AGG,HISTORICAL,2024-12-09,99.04000091552734,2026-01-09T14:47:05.525452112
VT,HISTORICAL,2024-12-16,122.16000366210938,2026-01-09T14:47:05.622394971
BND,HISTORICAL,2024-12-16,72.75,2026-01-09T14:47:05.724706445
AGG,HISTORICAL,2024-12-16,98.01000213623047,2026-01-09T14:47:06.001067686
VT,HISTORICAL,2024-12-23,118.76000213623047,2026-01-09T14:47:06.103856388
BND,HISTORICAL,2024-12-23,71.9800033569336,2026-01-09T14:47:06.217504505
AGG,HISTORICAL,2024-12-23,96.66000366210938,2026-01-09T14:47:06.700034112
VT,HISTORICAL,2024-12-30,117.75,2026-01-09T14:47:06.794777108
BND,HISTORICAL,2024-12-30,72.02999877929688,2026-01-09T14:47:06.887999473
AGG,HISTORICAL,2024-12-30,97.0199966430664,2026-01-09T14:47:06.997330891
VT,HISTORICAL,2025-01-06,119.18000030517578,2026-01-09T14:47:07.094429782
BND,HISTORICAL,2025-01-06,71.77999877929688,2026-01-09T14:47:07.187119449
AGG,HISTORICAL,2025-01-06,96.70999908447266,2026-01-09T14:47:07.281406311
VT,HISTORICAL,2025-01-13,116.19999694824219,2026-01-09T14:47:07.391235678
BND,HISTORICAL,2025-01-13,71.16999816894531,2026-01-09T14:47:07.638254013
AGG,HISTORICAL,2025-01-13,95.8499984741211,2026-01-09T14:47:07.842185854
VT,HISTORICAL,2025-01-20,119.4800033569336,2026-01-09T14:47:07.928222091
BND,HISTORICAL,2025-01-20,71.94999694824219,2026-01-09T14:47:08.149889733
AGG,HISTORICAL,2025-01-20,96.91999816894531,2026-01-09T14:47:08.246507849
VT,HISTORICAL,2025-01-27,120.51000213623047,2026-01-09T14:47:08.334243412
BND,HISTORICAL,2025-01-27,72.41999816894531,2026-01-09T14:47:08.422682861
AGG,HISTORICAL,2025-01-27,97.55000305175781,2026-01-09T14:47:08.662548025
VT,HISTORICAL,2025-02-03,120.12000274658203,2026-01-09T14:47:08.749443765
BND,HISTORICAL,2025-02-03,72.16999816894531,2026-01-09T14:47:08.859116717
AGG,HISTORICAL,2025-02-03,97.16999816894531,2026-01-09T14:47:08.956978288
VT,HISTORICAL,2025-02-10,122.08999633789062,2026-01-09T14:47:09.052310044
BND,HISTORICAL,2025-02-10,72.36000061035156,2026-01-09T14:47:09.276937465
AGG,HISTORICAL,2025-02-10,97.48999786376953,2026-01-09T14:47:09.480695910
VT,HISTORICAL,2025-02-17,123.48999786376953,2026-01-09T14:47:09.576710682
BND,HISTORICAL,2025-02-17,72.52999877929688,2026-01-09T14:47:09.672189261
AGG,HISTORICAL,2025-02-17,97.69999694824219,2026-01-09T14:47:09.786423378
VT,HISTORICAL,2025-02-24,121.30999755859375,2026-01-09T14:47:09.884653253
BND,HISTORICAL,2025-02-24,72.87000274658203,2026-01-09T14:47:09.993255369
AGG,HISTORICAL,2025-02-24,98.19000244140625,2026-01-09T14:47:10.090537964
VT,HISTORICAL,2025-03-03,119.29000091552734,2026-01-09T14:47:10.245868330
BND,HISTORICAL,2025-03-03,73.61000061035156,2026-01-09T14:47:10.336458486
AGG,HISTORICAL,2025-03-03,99.16000366210938,2026-01-09T14:47:10.438697911
VT,HISTORICAL,2025-03-10,116.30000305175781,2026-01-09T14:47:10.710784300
BND,HISTORICAL,2025-03-10,73.33999633789062,2026-01-09T14:47:10.914707782
AGG,HISTORICAL,2025-03-10,98.81999969482422,2026-01-09T14:47:11.016949265
VT,HISTORICAL,2025-03-17,118.63999938964844,2026-01-09T14:47:11.224979312
BND,HISTORICAL,2025-03-17,73.05000305175781,2026-01-09T14:47:11.326077865
AGG,HISTORICAL,2025-03-17,98.41000366210938,2026-01-09T14:47:11.531289150
VT,HISTORICAL,2025-03-24,119.08999633789062,2026-01-09T14:47:11.693626252
BND,HISTORICAL,2025-03-24,73.0,2026-01-09T14:47:11.939331275
AGG,HISTORICAL,2025-03-24,98.36000061035156,2026-01-09T14:47:12.144462533
VT,HISTORICAL,2025-03-31,115.94999694824219,2026-01-09T14:47:12.233260024
BND,HISTORICAL,2025-03-31,73.44999694824219,2026-01-09T14:47:12.329050707
AGG,HISTORICAL,2025-03-31,98.91999816894531,2026-01-09T14:47:12.556276835
VT,HISTORICAL,2025-04-07,104.43000030517578,2026-01-09T14:47:12.657030591
BND,HISTORICAL,2025-04-07,72.93000030517578,2026-01-09T14:47:12.745057291
AGG,HISTORICAL,2025-04-07,98.19999694824219,2026-01-09T14:47:12.845824226
VT,HISTORICAL,2025-04-14,112.16000366210938,2026-01-09T14:47:12.941290090
BND,HISTORICAL,2025-04-14,72.43000030517578,2026-01-09T14:47:13.051132539
AGG,HISTORICAL,2025-04-14,97.61000061035156,2026-01-09T14:47:13.269768960
VT,HISTORICAL,2025-04-21,109.45999908447266,2026-01-09T14:47:13.351134980
BND,HISTORICAL,2025-04-21,72.25,2026-01-09T14:47:13.579220498
AGG,HISTORICAL,2025-04-21,97.27999877929688,2026-01-09T14:47:13.781708561
VT,HISTORICAL,2025-04-28,116.12999725341797,2026-01-09T14:47:13.869538748
BND,HISTORICAL,2025-04-28,73.36000061035156,2026-01-09T14:47:13.963002814
AGG,HISTORICAL,2025-04-28,98.87000274658203,2026-01-09T14:47:14.061781417
VT,HISTORICAL,2025-05-05,118.80000305175781,2026-01-09T14:47:14.158012487
BND,HISTORICAL,2025-05-05,72.5999984741211,2026-01-09T14:47:14.257094046
AGG,HISTORICAL,2025-05-05,97.77999877929688,2026-01-09T14:47:14.362914819
VT,HISTORICAL,2025-05-12,121.7300033569336,2026-01-09T14:47:14.449913815
BND,HISTORICAL,2025-05-12,72.31999969482422,2026-01-09T14:47:14.586125610
AGG,HISTORICAL,2025-05-12,97.43000030517578,2026-01-09T14:47:14.682329172
VT,HISTORICAL,2025-05-19,123.95999908447266,2026-01-09T14:47:14.778433891
BND,HISTORICAL,2025-05-19,72.45999908447266,2026-01-09T14:47:14.889639567
AGG,HISTORICAL,2025-05-19,97.62999725341797,2026-01-09T14:47:15.008756271
VT,HISTORICAL,2025-05-26,121.91000366210938,2026-01-09T14:47:15.215480027
BND,HISTORICAL,2025-05-26,72.19000244140625,2026-01-09T14:47:15.312935763
AGG,HISTORICAL,2025-05-26,97.23999786376953,2026-01-09T14:47:15.523940126
VT,HISTORICAL,2025-06-02,124.19000244140625,2026-01-09T14:47:15.617684916
BND,HISTORICAL,2025-06-02,72.37000274658203,2026-01-09T14:47:15.730293571
AGG,HISTORICAL,2025-06-02,97.5199966430664,2026-01-09T14:47:15.842095510
VT,HISTORICAL,2025-06-09,125.63999938964844,2026-01-09T14:47:15.932153264
BND,HISTORICAL,2025-06-09,72.31999969482422,2026-01-09T14:47:16.215112916
AGG,HISTORICAL,2025-06-09,97.4000015258789,2026-01-09T14:47:16.405313261
VT,HISTORICAL,2025-06-16,126.04000091552734,2026-01-09T14:47:16.507610691
BND,HISTORICAL,2025-06-16,72.55999755859375,2026-01-09T14:47:16.603577073
AGG,HISTORICAL,2025-06-16,97.76000213623047,2026-01-09T14:47:16.698637317
VT,HISTORICAL,2025-06-23,124.91999816894531,2026-01-09T14:47:16.787194372
BND,HISTORICAL,2025-06-23,73.05999755859375,2026-01-09T14:47:16.888117936
AGG,HISTORICAL,2025-06-23,98.41999816894531,2026-01-09T14:47:17.060924799
VT,HISTORICAL,2025-06-30,128.52000427246094,2026-01-09T14:47:17.151154833
BND,HISTORICAL,2025-06-30,73.62999725341797,2026-01-09T14:47:17.257969892
AGG,HISTORICAL,2025-06-30,99.19999694824219,2026-01-09T14:47:17.362047910
VT,HISTORICAL,2025-07-07,128.61000061035156,2026-01-09T14:47:17.461117981
BND,HISTORICAL,2025-07-07,72.83999633789062,2026-01-09T14:47:17.562999978
AGG,HISTORICAL,2025-07-07,98.12000274658203,2026-01-09T14:47:17.675479465
VT,HISTORICAL,2025-07-14,129.47000122070312,2026-01-09T14:47:17.763644757
BND,HISTORICAL,2025-07-14,72.79000091552734,2026-01-09T14:47:17.881066718
AGG,HISTORICAL,2025-07-14,98.04000091552734,2026-01-09T14:47:17.975159145
VT,HISTORICAL,2025-07-21,130.19000244140625,2026-01-09T14:47:18.056736252
BND,HISTORICAL,2025-07-21,73.05999755859375,2026-01-09T14:47:18.155115469
AGG,HISTORICAL,2025-07-21,98.37999725341797,2026-01-09T14:47:18.290017853
VT,HISTORICAL,2025-07-28,131.32000732421875,2026-01-09T14:47:18.491824191
BND,HISTORICAL,2025-07-28,73.0,2026-01-09T14:47:18.678428082
AGG,HISTORICAL,2025-07-28,98.31999969482422,2026-01-09T14:47:18.803520608
VT,HISTORICAL,2025-08-04,130.2100067138672,2026-01-09T14:47:19.004146704
BND,HISTORICAL,2025-08-04,73.63999938964844,2026-01-09T14:47:19.097353141
AGG,HISTORICAL,2025-08-04,99.22000122070312,2026-01-09T14:47:19.312789090
VT,HISTORICAL,2025-08-11,131.4600067138672,2026-01-09T14:47:19.400106200
BND,HISTORICAL,2025-08-11,73.47000122070312,2026-01-09T14:47:19.493751998
AGG,HISTORICAL,2025-08-11,99.01000213623047,2026-01-09T14:47:19.592017449
VT,HISTORICAL,2025-08-18,133.4499969482422,2026-01-09T14:47:19.745830143
BND,HISTORICAL,2025-08-18,73.36000061035156,2026-01-09T14:47:19.841307727
AGG,HISTORICAL,2025-08-18,98.83000183105469,2026-01-09T14:47:19.948247914
VT,HISTORICAL,2025-08-25,133.57000732421875,2026-01-09T14:47:20.233459071
BND,HISTORICAL,2025-08-25,73.63999938964844,2026-01-09T14:47:20.338306817
AGG,HISTORICAL,2025-08-25,99.25,2026-01-09T14:47:20.434206388
VT,HISTORICAL,2025-09-01,133.77000427246094,2026-01-09T14:47:20.520528519
BND,HISTORICAL,2025-09-01,73.80000305175781,2026-01-09T14:47:20.627034009
AGG,HISTORICAL,2025-09-01,99.45999908447266,2026-01-09T14:47:20.716522966
VT,HISTORICAL,2025-09-08,135.11000061035156,2026-01-09T14:47:20.813996887
BND,HISTORICAL,2025-09-08,74.51000213623047,2026-01-09T14:47:20.925833596
AGG,HISTORICAL,2025-09-08,100.44000244140625,2026-01-09T14:47:21.155118307
VT,HISTORICAL,2025-09-15,137.3699951171875,2026-01-09T14:47:21.261444910
BND,HISTORICAL,2025-09-15,74.70999908447266,2026-01-09T14:47:21.366870095
AGG,HISTORICAL,2025-09-15,100.70999908447266,2026-01-09T14:47:21.462267894
VT,HISTORICAL,2025-09-22,138.02999877929688,2026-01-09T14:47:21.572526786
BND,HISTORICAL,2025-09-22,74.29000091552734,2026-01-09T14:47:21.672958700
AGG,HISTORICAL,2025-09-22,100.16999816894531,2026-01-09T14:47:21.790370073
VT,HISTORICAL,2025-09-29,137.3800048828125,2026-01-09T14:47:21.891824863
BND,HISTORICAL,2025-09-29,74.4000015258789,2026-01-09T14:47:21.990691332
AGG,HISTORICAL,2025-09-29,100.26000213623047,2026-01-09T14:47:22.089961561
VT,HISTORICAL,2025-10-06,139.5800018310547,2026-01-09T14:47:22.198218100
BND,HISTORICAL,2025-10-06,74.13999938964844,2026-01-09T14:47:22.289336002
AGG,HISTORICAL,2025-10-06,99.95999908447266,2026-01-09T14:47:22.383731086
VT,HISTORICAL,2025-10-13,137.32000732421875,2026-01-09T14:47:22.498492982
BND,HISTORICAL,2025-10-13,74.63999938964844,2026-01-09T14:47:22.644175800
AGG,HISTORICAL,2025-10-13,100.62000274658203,2026-01-09T14:47:22.746472681
VT,HISTORICAL,2025-10-20,139.4499969482422,2026-01-09T14:47:22.839333607
BND,HISTORICAL,2025-10-20,74.9800033569336,2026-01-09T14:47:22.954538073
AGG,HISTORICAL,2025-10-20,101.12999725341797,2026-01-09T14:47:23.203412770
VT,HISTORICAL,2025-10-27,141.67999267578125,2026-01-09T14:47:23.299948670
BND,HISTORICAL,2025-10-27,75.05999755859375,2026-01-09T14:47:23.392747557
AGG,HISTORICAL,2025-10-27,101.20999908447266,2026-01-09T14:47:23.500631366
VT,HISTORICAL,2025-11-03,140.75999450683594,2026-01-09T14:47:23.603787806
BND,HISTORICAL,2025-11-03,74.25,2026-01-09T14:47:23.692618581
AGG,HISTORICAL,2025-11-03,100.08999633789062,2026-01-09T14:47:23.920605504
VT,HISTORICAL,2025-11-10,140.77000427246094,2026-01-09T14:47:24.010645722
BND,HISTORICAL,2025-11-10,74.30999755859375,2026-01-09T14:47:24.099216707
AGG,HISTORICAL,2025-11-10,100.16000366210938,2026-01-09T14:47:24.199905332
VT,HISTORICAL,2025-11-17,137.7100067138672,2026-01-09T14:47:24.534220233
BND,HISTORICAL,2025-11-17,74.19999694824219,2026-01-09T14:47:24.739697375
AGG,HISTORICAL,2025-11-17,100.0199966430664,2026-01-09T14:47:24.943123960
VT,HISTORICAL,2025-11-24,137.8000030517578,2026-01-09T14:47:25.026146247
BND,HISTORICAL,2025-11-24,74.6500015258789,2026-01-09T14:47:25.251203147
AGG,HISTORICAL,2025-11-24,100.63999938964844,2026-01-09T14:47:25.351981229
VT,HISTORICAL,2025-12-01,140.22000122070312,2026-01-09T14:47:25.446525016
BND,HISTORICAL,2025-12-01,74.25,2026-01-09T14:47:25.659939831
AGG,HISTORICAL,2025-12-01,100.05999755859375,2026-01-09T14:47:25.756208721
VT,HISTORICAL,2025-12-08,141.1300048828125,2026-01-09T14:47:25.967174315
BND,HISTORICAL,2025-12-08,74.08999633789062,2026-01-09T14:47:26.068019255
AGG,HISTORICAL,2025-12-08,99.87000274658203,2026-01-09T14:47:26.176305411
VT,HISTORICAL,2025-12-15,141.22000122070312,2026-01-09T14:47:26.261533140
BND,HISTORICAL,2025-12-15,74.12000274658203,2026-01-09T14:47:26.483088134
AGG,HISTORICAL,2025-12-15,99.91000366210938,2026-01-09T14:47:26.684949755
VT,HISTORICAL,2025-12-22,141.33999633789062,2026-01-09T14:47:26.785457292
BND,HISTORICAL,2025-12-22,74.0199966430664,2026-01-09T14:47:26.887385247
AGG,HISTORICAL,2025-12-22,99.80000305175781,2026-01-09T14:47:26.999175
VT,HISTORICAL,2025-12-29,142.00999450683594,2026-01-09T14:47:27.095462595
BND,HISTORICAL,2025-12-29,74.30000305175781,2026-01-09T14:47:27.276875044
AGG,HISTORICAL,2025-12-29,100.16000366210938,2026-01-09T14:47:27.503764523
VT,HISTORICAL,2026-01-05,143.3000030517578,2026-01-09T14:47:27.604244070
BND,HISTORICAL,2026-01-05,74.18000030517578,2026-01-09T14:47:27.699652651
AGG,HISTORICAL,2026-01-05,100.04000091552734,2026-01-09T14:47:27.806771576
VOO,HISTORICAL,2026-01-12,639.3400268554688,2026-01-16T21:50:37.900069736
ACWI,HISTORICAL,2026-01-12,145.3800048828125,2026-01-16T21:50:38.007367832
VEA,HISTORICAL,2026-01-12,64.91999816894531,2026-01-16T21:50:38.116092439
VOO,HISTORICAL,2026-01-16,636.5700073242188,2026-01-16T21:50:38.219701118
ACWI,HISTORICAL,2026-01-16,145.02499389648438,2026-01-16T21:50:38.325242119
VEA,HISTORICAL,2026-01-16,65.125,2026-01-16T21:50:38.428685575
VT,HISTORICAL,2026-01-15,144.92999267578125,2026-01-16T21:50:38.897070157
BND,HISTORICAL,2026-01-15,74.31999969482422,2026-01-16T21:50:39.173042101
VT,HISTORICAL,2026-01-16,144.98500061035156,2026-01-16T21:50:39.341736010
BND,HISTORICAL,2026-01-16,74.20999908447266,2026-01-16T21:50:39.613323647
AGG,HISTORICAL,2026-01-15,100.22000122070312,2026-01-16T21:50:40.022786063
AGG,HISTORICAL,2026-01-16,100.0770034790039,2026-01-16T21:50:40.330359116
VT,HISTORICAL,2026-01-12,145.24000549316406,2026-01-16T21:50:40.637301594
BND,HISTORICAL,2026-01-12,74.22000122070312,2026-01-16T21:50:41.250741833
AGG,HISTORICAL,2026-01-12,100.11000061035156,2026-01-16T21:50:42.513002275
